email,nome,idade,genero,uf,escolaridade,trilha
cgunston0@columbia.edu,Clare Gunston,21,Female,DF,SUP,FUVEST
oohickey1@biglobe.ne.jp,Ofilia O'Hickey,15,Female,SP,N/A,ENEM
smouat2@symantec.com,Sadie Mouat,19,Female,RS,N/A,
lhaddeston3@arizona.edu,Linus Haddeston,12,Genderfluid,SC,EF,ENEM
ikindell4@about.me,Ivan Kindell,16,Male,AC,EM,
obraidley5@ft.com,Orton Braidley,21,Male,RR,N/A,
csolano6@slate.com,Corrinne Solano,19,Female,SP,N/A,UNICAMP
eyakunkin7@ocn.ne.jp,Erhard Yakunkin,17,Male,AP,EM,ENEM
cjedrzejewsky8@wikia.com,Catlee Jedrzejewsky,17,Female,PE,EM,FUVEST
hobrogane9@nba.com,Humfrid O'Brogane,13,Male,MT,N/A,FUVEST
dgligorijevica@globo.com,Denney Gligorijevic,17,Male,PI,EM,
pcominellob@i2i.jp,Paco Cominello,14,Male,SC,EF,
rmonroec@microsoft.com,Rudiger Monroe,15,Male,SP,EM,FATEC
mcluneyd@gnu.org,Molly Cluney,18,Female,RR,EM,FATEC
acarlylee@icio.us,Ahmed Carlyle,16,Male,PI,EM,
rajeanf@topsy.com,Rowland Ajean,22,Male,AP,SUP,
chartzogg@networkadvertising.org,Cyndia Hartzog,11,Female,SP,EF,
wfittonh@go.com,Weber Fitton,17,Male,SP,EM,
jbaverstocki@ted.com,Joela Baverstock,18,Female,SP,EM,FATEC
dalexisj@independent.co.uk,Delmar Alexis,15,Male,AL,EM,
lworralk@psu.edu,Lamont Worral,14,Male,MT,EF,
bogarmenl@ucla.edu,Bibi O'Garmen,15,Polygender,AL,EM,
jrodbournem@state.gov,Jdavie Rodbourne,18,Male,AC,EM,
thalladn@whitehouse.gov,Trevor Hallad,15,Male,RN,EM,
myegorovnino@cocolog-nifty.com,Morey Yegorovnin,20,Male,PI,SUP,
aaubrunp@github.com,Ashley Aubrun,12,Female,PI,EF,
ssielyq@washingtonpost.com,Sarena Siely,20,Female,BA,EM,ENEM
bgoodlifer@amazon.de,Blinny Goodlife,20,Female,MT,EM,UNICAMP
mivanyushkins@themeforest.net,Maryanna Ivanyushkin,22,Female,SP,N/A,
gbasindalet@uiuc.edu,Goran Basindale,22,Bigender,AL,N/A,ENEM
mrosebladeu@amazonaws.com,Moore Roseblade,11,Male,MA,EF,
fjuaresv@weebly.com,Flor Juares,12,Female,RJ,EF,FATEC
gdunsfordw@gravatar.com,Georgianne Dunsford,22,Female,RJ,SUP,
croalfex@hugedomains.com,Cindelyn Roalfe,20,Female,SP,SUP,UNICAMP
rheideny@themeforest.net,Rose Heiden,17,Female,GO,EM,UNICAMP
mauthersz@mlb.com,Mabel Authers,22,Female,SE,N/A,
scahillane10@hc360.com,Seward Cahillane,15,Agender,SP,EM,FUVEST
rboake11@imageshack.us,Rogers Boake,13,Male,SC,N/A,
ceschalette12@desdev.cn,Carissa Eschalette,15,Female,CE,EM,
gcoldridge13@liveinternet.ru,Grace Coldridge,18,Male,MT,SUP,
dmacfadyen14@nsw.gov.au,Dody MacFadyen,17,Genderfluid,MG,EM,FATEC
bcranstoun15@lulu.com,Brooke Cranstoun,11,Male,MA,N/A,
tpeakman16@ning.com,Tatiania Peakman,14,Female,PI,EF,UNICAMP
gcranny17@rediff.com,Geoffry Cranny,22,Male,SP,N/A,
prangeley18@irs.gov,Panchito Rangeley,17,Male,TO,EM,
iscranny19@hibu.com,Ingmar Scranny,21,Polygender,SC,N/A,FATEC
mgronw1a@latimes.com,May Gronw,21,Female,AM,SUP,FATEC
asawrey1b@nbcnews.com,Arthur Sawrey,14,Male,BA,N/A,
seldershaw1c@apache.org,Sacha Eldershaw,17,Female,SE,N/A,FUVEST
ablaber1d@google.co.uk,Audra Blaber,11,Female,PI,EF,ENEM
trobertacci1e@yolasite.com,Tuesday Robertacci,11,Female,CE,EF,ENEM
ggillinghams1f@desdev.cn,Griffin Gillinghams,16,Genderfluid,PB,EM,
blytle1g@cbsnews.com,Brandtr Lytle,12,Male,PI,EF,ENEM
effrench1h@clickbank.net,Erwin ffrench Beytagh,16,Male,SC,EM,FATEC
sstaton1i@europa.eu,Sonia Staton,22,Female,CE,EM,FUVEST
fobrollachain1j@stanford.edu,Frasquito O'Brollachain,19,Male,RJ,N/A,FUVEST
creely1k@harvard.edu,Cortie Reely,20,Male,RR,N/A,FATEC
ssaddler1l@pagesperso-orange.fr,Sander Saddler,21,Male,RN,SUP,
ntremathack1m@utexas.edu,Neil Tremathack,20,Male,AC,SUP,ENEM
cweall1n@ox.ac.uk,Carl Weall,16,Male,RN,EM,FATEC
lsiman1o@craigslist.org,Loutitia Siman,12,Female,RS,EF,
tde1p@photobucket.com,Truman De Hailes,12,Male,PB,EF,
pfarrer1q@1und1.de,Putnam Farrer,17,Male,SP,EM,UNICAMP
rblincko1r@stumbleupon.com,Rickard Blincko,15,Male,PE,EM,
vwalcher1s@squidoo.com,Vanny Walcher,21,Female,PA,EM,
kwyson1t@washingtonpost.com,Kelvin Wyson,17,Male,RO,N/A,ENEM
kivanchenkov1u@desdev.cn,Kitty Ivanchenkov,18,Female,RJ,N/A,FATEC
agreenstead1v@reddit.com,Ambrosi Greenstead,12,Male,DF,EF,
agatward1w@blogger.com,Alisander Gatward,16,Male,PE,EM,
jsharphouse1x@wiley.com,Jobye Sharphouse,20,Female,MA,N/A,
zzsa1y@springer.com,Zsa zsa Bearfoot,13,Female,GO,N/A,ENEM
dvan1z@sphinn.com,Dacia Van der Brugge,22,Female,PI,N/A,FUVEST
hpryn20@eventbrite.com,Horacio Pryn,13,Male,RO,EF,
gscrease21@state.tx.us,Germaine Screase,18,Male,SE,EM,FUVEST
aissakov22@wiley.com,Antonius Issakov,13,Male,RR,EF,FATEC
hreveland23@qq.com,Hoebart Reveland,17,Male,SP,EM,
nklaas24@yandex.ru,Nat Klaas,18,Male,PA,N/A,UNICAMP
kcroisdall25@cnbc.com,Ketti Croisdall,22,Female,PR,EM,UNICAMP
jhawkins26@domainmarket.com,Janessa Hawkins,18,Female,PE,EM,FATEC
mdivers27@uiuc.edu,Melonie Divers,21,Female,SP,N/A,UNICAMP
rcrosby28@sohu.com,Rodrigo Crosby,16,Male,MT,EM,ENEM
ksmeal29@sciencedaily.com,Keir Smeal,20,Male,PE,N/A,
vjoannic2a@sciencedaily.com,Vonny Joannic,20,Female,SC,SUP,
taires2b@pagesperso-orange.fr,Tomkin Aires,21,Male,RO,N/A,
czorzoni2c@google.fr,Clement Zorzoni,13,Male,RN,EF,
jmatushenko2d@blogger.com,Joletta Matushenko,18,Female,DF,N/A,
oanten2e@cnn.com,Orelee Anten,14,Female,AL,N/A,
jbignell2f@slideshare.net,John Bignell,22,Male,MT,N/A,
fpiesing2g@slate.com,Fredrick Piesing,13,Male,RJ,N/A,UNICAMP
rgrimditch2h@t-online.de,Renie Grimditch,16,Female,BA,EM,
ldinsell2i@newyorker.com,Llewellyn Dinsell,13,Male,BA,N/A,
tbye2j@si.edu,Trever Bye,19,Male,AC,SUP,
crasp2k@mac.com,Casie Rasp,16,Female,AC,EM,
bzanotti2l@artisteer.com,Buddie Zanotti,17,Male,SC,N/A,FATEC
hgabe2m@soundcloud.com,Hally Gabe,18,Female,SC,N/A,FUVEST
tthemann2n@bloomberg.com,Tobey Themann,18,Female,AM,N/A,
cbaldi2o@surveymonkey.com,Cherilynn Baldi,22,Female,RS,N/A,FATEC
awhittlesea2p@scientificamerican.com,Adriana Whittlesea,19,Bigender,RN,EM,
jelmhurst2q@drupal.org,Jolie Elmhurst,15,Female,SP,EM,
dmcgeachie2r@mozilla.com,Delilah McGeachie,15,Female,SE,EM,
otourry2s@nytimes.com,Orson Tourry,18,Male,CE,N/A,
pellaway2t@i2i.jp,Philly Ellaway,20,Female,GO,EM,
afishleigh2u@ted.com,Adda Fishleigh,16,Female,RS,EM,
tledram2v@illinois.edu,Tommy Ledram,17,Male,SC,EM,FATEC
cbarfford2w@github.io,Carlye Barfford,22,Female,AC,SUP,
tcalbreath2x@yale.edu,Theo Calbreath,22,Female,PR,EM,FUVEST
lgarley2y@exblog.jp,Lovell Garley,20,Male,SP,N/A,
hcoppen2z@cocolog-nifty.com,Harwell Coppen,12,Male,PR,EF,
sbruckent30@networkadvertising.org,Sheri Bruckent,16,Female,SP,EM,
jbottini31@psu.edu,Jody Bottini,12,Female,RJ,N/A,ENEM
abresman32@jiathis.com,Arielle Bresman,19,Female,PR,EM,FUVEST
lcolloby33@rakuten.co.jp,Laurella Colloby,14,Female,AP,N/A,UNICAMP
ebamlet34@utexas.edu,Elnora Bamlet,20,Female,MT,N/A,ENEM
bhundall35@arstechnica.com,Belle Hundall,20,Female,GO,EM,FATEC
mdewis36@cdc.gov,Marris Dewis,15,Female,RJ,EM,
psiddens37@meetup.com,Portie Siddens,20,Male,AM,SUP,ENEM
acolcomb38@deviantart.com,Alameda Colcomb,19,Female,ES,EM,
mburnsides39@dmoz.org,Marlie Burnsides,22,Female,SE,EM,
cdurnian3a@pbs.org,Claudianus Durnian,14,Male,RR,N/A,
wrosenwasser3b@globo.com,Wendy Rosenwasser,16,Female,TO,EM,ENEM
cnoriega3c@imgur.com,Chris Noriega,21,Male,RN,EM,
cgligori3d@harvard.edu,Corette Gligori,18,Female,SP,N/A,FUVEST
vmullin3e@rakuten.co.jp,Verena Mullin,17,Female,AC,EM,
hweddeburn3f@paginegialle.it,Hilly Weddeburn - Scrimgeour,21,Male,SC,EM,
ddaubney3g@ftc.gov,Dian Daubney,11,Female,MS,EF,
twinspeare3h@latimes.com,Tye Winspeare,18,Male,SP,EM,
oyakovitch3i@tripod.com,Olly Yakovitch,12,Female,RO,EF,UNICAMP
bmepsted3j@marriott.com,Broddie Mepsted,12,Male,SP,EF,ENEM
ihoult3k@amazon.com,Isiahi Hoult,16,Male,DF,EM,FUVEST
htodarello3l@liveinternet.ru,Hedvig Todarello,16,Female,RN,EM,FUVEST
mwoodgate3m@google.co.jp,Miriam Woodgate,22,Polygender,AM,N/A,
dpurser3n@japanpost.jp,Dur Purser,12,Male,SP,N/A,
hclaesens3o@disqus.com,Hadria Claesens,11,Female,RS,N/A,UNICAMP
nkilban3p@github.com,Nealy Kilban,20,Male,TO,N/A,FATEC
ecregin3q@bloglovin.com,Evangelina Cregin,11,Female,SP,N/A,
mvant3r@merriam-webster.com,Morganne Vant,15,Female,BA,EM,FUVEST
nmarples3s@github.com,Neysa Marples,18,Female,AL,EM,
renders3t@google.co.jp,Richy Enders,14,Male,SE,EF,
gaynold3u@microsoft.com,Gerladina Aynold,19,Genderfluid,AC,N/A,ENEM
hcrosen3v@clickbank.net,Hertha Crosen,16,Female,SP,EM,
slangfitt3w@theatlantic.com,Sebastien Langfitt,14,Male,PR,EF,FUVEST
gniblett3x@upenn.edu,Garwin Niblett,13,Male,GO,N/A,FATEC
ccushion3y@cnn.com,Corby Cushion,16,Non-binary,SP,EM,
vhamberstone3z@comsenz.com,Vania Hamberstone,17,Female,PE,EM,
nmacairt40@yellowbook.com,Noble MacAirt,13,Male,RR,EF,
jgallard41@imdb.com,Julee Gallard,11,Female,GO,N/A,FUVEST
aberisford42@cafepress.com,Angie Berisford,14,Female,SP,EF,FATEC
gtoffolini43@w3.org,Gigi Toffolini,22,Female,AM,N/A,FUVEST
dmeadmore44@unicef.org,Derwin Meadmore,19,Male,MS,N/A,
mhasser45@businessweek.com,Merry Hasser,21,Female,SP,SUP,FATEC
kborel46@sciencedaily.com,Karl Borel,16,Male,CE,EM,
mlouys47@ucoz.ru,Michael Louys,21,Male,RJ,SUP,
lyellowlee48@cbsnews.com,Lorant Yellowlee,13,Male,MA,EF,
ikingzet49@geocities.jp,Idalia Kingzet,16,Female,DF,EM,
mbarke4a@jigsy.com,Minetta Barke,22,Female,ES,N/A,
btildesley4b@icq.com,Buddy Tildesley,14,Male,PR,EF,FUVEST
dhattigan4c@nbcnews.com,Druci Hattigan,17,Female,SP,N/A,
trohlf4d@creativecommons.org,Tobey Rohlf,18,Bigender,MG,N/A,ENEM
zturbat4e@reuters.com,Zeke Turbat,15,Male,PE,N/A,
npeatt4f@ebay.com,Nicolette Peatt,20,Female,BA,EM,UNICAMP
bpotapczuk4g@chicagotribune.com,Bram Potapczuk,15,Male,SP,EM,ENEM
iwheelwright4h@pen.io,Ianthe Wheelwright,19,Polygender,PA,N/A,FUVEST
dveschambes4i@elpais.com,Desi Veschambes,18,Male,PE,EM,
mtarbath4j@acquirethisname.com,Matthus Tarbath,15,Male,GO,EM,
kbrecknall4k@mayoclinic.com,Kevin Brecknall,13,Male,TO,EF,ENEM
efearne4l@google.com.hk,Edna Fearne,15,Female,SP,EM,ENEM
cgiovannardi4m@infoseek.co.jp,Constancy Giovannardi,19,Female,RN,SUP,FUVEST
nquince4n@sfgate.com,Neil Quince,22,Male,TO,EM,FUVEST
lgovenlock4o@fda.gov,Lari Govenlock,12,Female,MT,N/A,UNICAMP
rgrimbleby4p@constantcontact.com,Rand Grimbleby,20,Male,MS,SUP,FUVEST
mdicken4q@4shared.com,Marquita Dicken,18,Female,SP,N/A,
dstanex4r@goo.gl,Dalli Stanex,19,Male,RN,EM,
dgypson4s@apple.com,Derwin Gypson,15,Male,RJ,EM,FATEC
ggoding4t@odnoklassniki.ru,Graig Goding,14,Male,PB,EF,FATEC
pfusedale4u@chicagotribune.com,Penni Fusedale,16,Female,ES,EM,UNICAMP
ncranny4v@furl.net,Nicol Cranny,19,Female,RR,EM,
wfasse4w@phoca.cz,Wilhelm Fasse,11,Male,SC,EF,
acurado4x@nba.com,Aryn Curado,13,Genderfluid,SP,EF,FATEC
eclemes4y@apache.org,Enrika Clemes,14,Female,RJ,EF,
aflamank4z@slideshare.net,Arty Flamank,19,Male,RN,N/A,UNICAMP
wratter50@marketwatch.com,Woody Ratter,18,Male,MS,N/A,UNICAMP
pshooter51@java.com,Petr Shooter,12,Male,MS,N/A,UNICAMP
vbirtwistle52@nydailynews.com,Veronika Birtwistle,17,Female,AM,EM,
ehellens53@mtv.com,Elka Hellens,12,Female,BA,EF,
mbaughen54@dedecms.com,Moreen Baughen,12,Female,PA,N/A,
dbelcher55@sakura.ne.jp,Darda Belcher,21,Genderfluid,RR,N/A,
yvaud56@pen.io,Yves Vaud,17,Male,DF,EM,
cramey57@comsenz.com,Camellia Ramey,15,Bigender,AP,EM,
ebourcq58@yellowpages.com,Erna Bourcq,13,Female,PR,EF,UNICAMP
jizakoff59@oaic.gov.au,Janifer Izakoff,13,Female,PE,EF,UNICAMP
okeston5a@narod.ru,Obadiah Keston,15,Male,AL,EM,
arisen5b@cbslocal.com,Anastasie Risen,11,Female,AM,EF,ENEM
ctibb5c@phpbb.com,Cory Tibb,21,Female,MT,N/A,
mcacacie5d@imdb.com,Morse Cacacie,13,Male,PE,N/A,
fbysaker5e@bravesites.com,Franciskus Bysaker,15,Bigender,PA,EM,
bgomm5f@ning.com,Brear Gomm,12,Female,RJ,N/A,FUVEST
mgoshawke5g@studiopress.com,Maribelle Goshawke,16,Female,TO,EM,ENEM
hgarrit5h@census.gov,Hamel Garrit,13,Male,SP,EF,
sscarce5i@usda.gov,Selina Scarce,13,Female,SP,EF,FATEC
sgodlonton5j@deliciousdays.com,Stephenie Godlonton,17,Genderfluid,ES,EM,
