ip,date,email,route,scroll_pct,time_spent,referrer,device
8.8.194.182,20/01/2027,,/instituicoes,75.42,191,chrome,desktop
8.8.157.95,24/09/2026,joao.rodrigues@globo.com,/,70.68,158,firefox,mobile
189.15.202.241,20/01/2026,l.santos@protonmail.com,/,31.72,206,chrome,mobile
8.8.18.24,21/06/2027,mariasantos@live.com,/,56.41,107,chrome,mobile
1.1.210.196,09/06/2026,beatriz.lima74@protonmail.com,/cursos,49.69,175,chrome,mobile
189.127.60.192,11/02/2027,b.gomes@ig.com.br,/,79.45,166,chrome,tablet
1.1.94.177,29/08/2026,,/,32.81,195,firefox,desktop
200.54.173.251,08/08/2026,lucas.rodrigues@globo.com,/instituicoes,64.79,272,linkedin,mobile
200.23.129.165,11/01/2026,l.rodrigues@yahoo.com,/,18.05,126,safari,mobile
200.44.96.88,10/02/2026,m.gomes@gmail.com,/instituicoes,76.35,63,chrome,desktop
8.8.35.38,30/05/2025,,/vestibular/UNICAMP,93.75,179,lp,tablet
200.194.136.87,09/07/2025,j.gomes@bol.com.br,/vestibular/ENEM,84.75,319,share,mobile
189.231.237.172,08/08/2026,p.gomes@yahoo.com,/cursos,75.26,296,brave,mobile
189.171.55.227,28/03/2025,beatrizsantos@fatec.sp.gov.br,/quiz,16.66,67,duckduckgo,desktop
1.1.114.211,04/01/2027,carlossantos@protonmail.com,/,58.0,252,chrome,mobile
177.195.111.246,28/06/2027,larissa.santos@terra.com.br,/,83.07,96,firefox,mobile
189.5.19.77,03/07/2025,rafaelgomes@ig.com.br,/instituicoes,53.85,116,safari,mobile
1.1.35.67,16/10/2027,,/cursos,31.4,174,firefox,desktop
177.24.102.208,14/08/2025,rafaelsantos@usp.br,/vestibular/ENEM,21.76,159,chrome,mobile
1.1.61.250,23/11/2027,a.gomes@globo.com,/,70.96,69,safari,mobile
189.68.81.23,03/02/2026,lucas.alves64@ig.com.br,/instituicoes,29.44,243,lp,desktop
8.8.207.225,03/03/2027,m.souza@live.com,/vestibular/FUVEST,34.95,178,firefox,vr
177.65.212.253,13/02/2025,,/,40.32,152,chrome,mobile
200.72.85.187,03/06/2025,b.oliveira@usp.br,/quiz,42.72,277,share,tablet
1.1.168.139,04/01/2027,carlos.silva50@edu.br,/cursos,44.77,52,safari,tablet
8.8.195.213,18/09/2026,julia.alves@icloud.com,/vestibular/ENEM,88.52,200,firefox,mobile
177.142.154.125,08/08/2027,,/vestibular/FUVEST,52.47,163,opera,tablet
200.125.83.120,08/07/2027,l.ferreira@hotmail.com,/,72.72,110,duckduckgo,desktop
200.84.141.7,14/08/2025,,/vestibular/FUVEST,24.36,275,opera,tv
177.102.191.141,12/09/2026,,/quiz,49.5,186,firefox,desktop
1.1.251.61,15/11/2025,larissalima@uol.com.br,/vestibular/FATEC,29.25,135,safari,desktop
189.70.210.17,15/08/2026,,/instituicoes,29.94,180,chrome,tablet
8.8.21.1,12/11/2026,,/vestibular/FUVEST,43.67,143,chrome,desktop
200.37.206.75,17/01/2027,lucasferreira@edu.br,/cursos,83.5,221,chrome,desktop
177.203.128.138,04/01/2025,lucas.pereira@yahoo.com,/,47.01,302,firefox,mobile
8.8.56.79,31/03/2026,rafael.gomes@terra.com.br,/quiz,44.5,105,x,mobile
200.222.178.79,16/06/2026,mariaalves@yahoo.com,/vestibular/FATEC,47.89,242,safari,desktop
1.1.31.130,07/10/2027,larissalima@outlook.com,/vestibular/UNICAMP,38.28,207,chrome,mobile
8.8.235.213,24/08/2026,,/quiz,42.78,121,chrome,desktop
8.8.214.82,29/06/2027,rafael.ferreira@live.com,/vestibular/ENEM,3.66,142,safari,desktop
177.222.195.253,03/07/2025,r.alves@terra.com.br,/vestibular/FUVEST,7.45,62,chrome,desktop
177.239.153.2,02/04/2027,,/,29.06,137,chrome,tablet
8.8.255.128,11/07/2025,julia.lima@uol.com.br,/,59.49,148,share,desktop
200.125.127.46,16/06/2027,pedroferreira@terra.com.br,/cursos,74.76,142,opera,desktop
189.146.177.186,09/06/2027,carlossouza@fatec.sp.gov.br,/vestibular/FATEC,95.69,179,safari,desktop
177.162.234.123,03/08/2027,,/vestibular/FATEC,91.07,195,safari,mobile
189.69.54.179,10/08/2026,pedro.pereira41@fatec.sp.gov.br,/cursos,65.32,143,safari,tablet
189.63.55.40,15/07/2027,,/vestibular/ENEM,19.7,267,firefox,desktop
8.8.75.208,19/05/2026,ana.souza@outlook.com,/vestibular/UNICAMP,90.12,74,safari,mobile
8.8.48.126,10/12/2026,,/cursos,14.8,226,opera,mobile
200.220.245.192,02/10/2026,c.ferreira@ig.com.br,/cursos,97.53,197,safari,tablet
1.1.190.54,11/01/2027,r.souza@icloud.com,/cursos,47.46,189,firefox,desktop
177.99.167.95,31/10/2026,,/instituicoes,95.93,217,safari,desktop
177.210.205.58,24/11/2027,,/vestibular/UNICAMP,66.82,183,share,tablet
1.1.184.95,25/01/2026,ana.alves23@gmail.com,/instituicoes,40.92,81,chrome,desktop
1.1.33.76,25/06/2025,rafaelgomes@gmail.com,/,61.03,171,firefox,mobile
177.69.71.83,22/06/2025,pedro.santos68@usp.br,/vestibular/ENEM,92.13,78,chrome,desktop
8.8.19.114,20/02/2027,,/cursos,79.89,178,chrome,desktop
200.95.150.128,25/07/2025,,/vestibular/ENEM,56.45,146,chrome,desktop
8.8.225.231,24/01/2025,beatriz.rodrigues@live.com,/vestibular/ENEM,34.6,188,brave,desktop
200.81.22.252,12/02/2027,carlosgomes@icloud.com,/vestibular/UNICAMP,7.29,194,opera,desktop
177.89.35.105,23/05/2027,,/,11.32,108,chrome,desktop
8.8.19.35,30/06/2025,a.santos@edu.br,/vestibular/FUVEST,27.83,271,firefox,desktop
8.8.76.49,22/08/2027,,/,84.71,186,opera,tablet
8.8.239.179,26/11/2026,l.souza@globo.com,/vestibular/ENEM,16.84,163,firefox,desktop
1.1.194.152,28/06/2027,anaoliveira@usp.br,/cursos,60.31,80,safari,mobile
189.198.103.238,19/03/2026,beatriz.alves@globo.com,/cursos,65.09,212,safari,mobile
1.1.207.246,13/04/2027,rafael.oliveira@fatec.sp.gov.br,/vestibular/ENEM,97.67,194,firefox,tablet
200.192.65.223,27/02/2027,j.pereira@edu.br,/instituicoes,27.12,89,safari,mobile
177.241.218.1,14/02/2026,,/,91.98,300,firefox,desktop
8.8.218.207,06/10/2026,,/,62.45,144,firefox,mobile
189.225.7.108,23/02/2025,,/instituicoes,16.48,180,chrome,desktop
1.1.191.184,25/08/2027,carlos.pereira28@protonmail.com,/cursos,24.01,232,safari,desktop
200.171.8.199,10/05/2027,,/cursos,59.68,196,opera,desktop
177.164.222.199,27/02/2027,r.santos@yahoo.com,/quiz,17.2,128,chrome,tv
1.1.117.247,02/12/2026,,/,38.58,256,firefox,vr
1.1.252.248,14/08/2027,j.souza@bol.com.br,/vestibular/FUVEST,80.77,161,opera,desktop
189.51.74.179,23/04/2026,maria.silva35@globo.com,/vestibular/FUVEST,79.8,134,chrome,tablet
189.48.242.140,04/07/2026,,/,17.56,224,x,desktop
177.115.240.172,01/09/2027,,/,40.38,214,chrome,desktop
189.134.5.114,09/01/2027,p.rodrigues@protonmail.com,/cursos,30.01,181,safari,desktop
177.87.207.117,31/03/2025,lucassouza@uol.com.br,/vestibular/ENEM,91.29,167,firefox,mobile
8.8.170.178,03/10/2025,,/vestibular/FUVEST,65.72,243,lp,desktop
8.8.105.198,23/06/2025,ana.ferreira@edu.br,/cursos,17.45,208,chrome,desktop
1.1.105.34,30/06/2027,lucas.ferreira@usp.br,/,95.7,163,lp,vr
177.234.101.158,06/07/2026,joaopereira@uol.com.br,/,29.76,136,firefox,tablet
1.1.188.164,22/05/2026,beatriz.rodrigues71@globo.com,/cursos,32.9,168,safari,tablet
177.122.120.177,26/06/2026,rafaelferreira@ig.com.br,/vestibular/ENEM,99.85,205,firefox,mobile
1.1.97.28,17/02/2027,julia.oliveira7@terra.com.br,/cursos,72.19,198,safari,mobile
177.33.68.21,12/07/2025,carlosrodrigues@usp.br,/,32.34,115,share,desktop
177.120.70.51,20/09/2025,carlos.oliveira@outlook.com,/cursos,78.28,199,safari,desktop
8.8.54.13,21/07/2025,b.oliveira@ig.com.br,/instituicoes,60.53,248,lp,mobile
1.1.112.0,03/12/2025,,/instituicoes,86.59,214,safari,tablet
1.1.192.128,13/02/2027,pedro.lima@edu.br,/vestibular/UNICAMP,0.67,210,safari,desktop
1.1.21.143,10/05/2027,,/quiz,11.75,218,chrome,tablet
200.98.205.12,25/10/2027,juliapereira@live.com,/vestibular/ENEM,76.11,105,lp,mobile
200.78.105.236,13/01/2026,beatriz.rodrigues@bol.com.br,/quiz,91.32,158,safari,desktop
189.67.201.29,19/05/2025,,/vestibular/ENEM,95.93,191,opera,desktop
189.28.12.229,12/02/2025,,/vestibular/UNICAMP,21.67,133,duckduckgo,desktop
189.244.121.11,18/05/2025,,/instituicoes,61.06,308,firefox,tablet
1.1.245.126,16/12/2026,,/cursos,5.47,292,share,desktop
200.54.142.23,08/12/2027,c.alves@uol.com.br,/vestibular/ENEM,83.32,192,brave,mobile
8.8.48.57,08/03/2025,,/vestibular/ENEM,2.25,177,chrome,desktop
189.230.217.69,14/12/2026,pedropereira@live.com,/,37.41,217,tiktok,desktop
189.65.239.82,21/09/2025,l.souza@globo.com,/vestibular/FUVEST,58.4,179,chrome,desktop
177.226.220.23,22/02/2027,b.ferreira@uol.com.br,/vestibular/ENEM,68.48,112,safari,mobile
1.1.2.55,14/10/2025,,/quiz,81.72,203,chrome,mobile
8.8.79.31,16/07/2025,,/,90.34,147,share,tablet
177.111.67.113,15/07/2026,,/cursos,7.89,161,firefox,desktop
200.138.101.237,02/11/2026,,/,41.47,89,safari,mobile
200.254.72.194,09/07/2027,,/cursos,88.06,148,safari,desktop
1.1.122.219,02/03/2027,j.oliveira@live.com,/quiz,88.93,154,safari,desktop
189.199.165.73,08/04/2026,joao.oliveira80@globo.com,/quiz,81.22,171,chrome,mobile
177.49.75.201,01/11/2025,pedro.lima80@gmail.com,/instituicoes,25.97,237,safari,mobile
200.220.78.127,19/11/2026,j.ferreira@usp.br,/instituicoes,35.72,225,lp,mobile
189.122.185.82,18/08/2027,beatriz.alves@protonmail.com,/vestibular/FATEC,3.47,115,safari,mobile
177.245.22.145,08/12/2025,,/quiz,34.1,240,safari,desktop
8.8.150.44,05/10/2027,,/vestibular/FATEC,15.23,193,firefox,mobile
189.211.190.33,19/08/2027,,/quiz,21.77,216,chrome,tablet
1.1.43.141,04/09/2026,lucassantos@terra.com.br,/instituicoes,97.27,167,chrome,mobile
189.65.198.56,22/06/2027,beatriz.alves29@live.com,/quiz,15.41,179,chrome,tablet
8.8.231.89,21/09/2026,,/instituicoes,6.83,247,safari,mobile
177.60.156.131,24/04/2025,,/instituicoes,6.76,163,firefox,mobile
1.1.32.180,18/10/2026,ana.pereira13@globo.com,/,17.34,135,chrome,desktop
189.193.50.219,04/12/2027,pedrosantos@globo.com,/cursos,48.32,244,share,mobile
177.4.184.11,16/07/2025,,/vestibular/UNICAMP,59.2,182,safari,tv
200.130.172.17,20/03/2027,carlos.oliveira84@icloud.com,/instituicoes,43.09,203,lp,mobile
189.179.243.200,05/01/2027,pedro.oliveira@live.com,/quiz,76.1,141,safari,mobile
1.1.239.160,28/12/2027,,/,11.38,74,chrome,desktop
177.45.32.212,14/07/2025,joaoferreira@yahoo.com,/,35.95,195,firefox,desktop
189.252.161.194,16/04/2027,carlos.rodrigues48@ig.com.br,/,21.51,125,safari,mobile
8.8.56.51,07/09/2026,maria.lima@bol.com.br,/quiz,76.21,94,chrome,desktop
8.8.154.107,05/10/2026,julia.silva@fatec.sp.gov.br,/,8.88,107,safari,mobile
177.248.219.242,02/10/2026,j.oliveira@live.com,/quiz,67.06,254,brave,desktop
200.106.0.205,07/10/2026,ana.oliveira52@yahoo.com,/cursos,25.39,132,chrome,mobile
200.101.222.93,17/09/2025,ana.gomes@live.com,/vestibular/ENEM,90.55,225,safari,desktop
8.8.11.140,21/06/2026,larissa.santos12@protonmail.com,/vestibular/ENEM,8.66,189,chrome,mobile
200.245.17.78,16/10/2027,,/vestibular/ENEM,44.19,269,chrome,tv
177.215.53.52,06/03/2027,a.santos@fatec.sp.gov.br,/,38.36,271,chrome,tv
8.8.58.88,13/06/2026,a.gomes@gmail.com,/vestibular/FUVEST,84.86,155,share,mobile
189.56.40.213,25/09/2026,pedro.santos@ig.com.br,/quiz,80.91,197,safari,mobile
189.59.10.243,03/10/2026,,/cursos,29.78,147,chrome,tv
1.1.98.24,08/09/2026,,/instituicoes,24.98,140,linkedin,tablet
177.209.222.201,19/02/2025,j.oliveira@fatec.sp.gov.br,/vestibular/FUVEST,12.81,151,chrome,desktop
177.124.17.85,24/09/2026,rafael.lima@uol.com.br,/cursos,49.45,83,share,tablet
200.180.94.111,04/06/2027,julia.pereira@terra.com.br,/vestibular/ENEM,13.02,205,chrome,tablet
8.8.234.247,12/07/2027,a.gomes@hotmail.com,/,89.82,150,share,mobile
200.176.74.109,23/01/2026,carlos.pereira@gmail.com,/cursos,40.66,212,lp,tv
8.8.193.110,23/04/2027,carlos.souza@hotmail.com,/vestibular/ENEM,23.13,178,lp,mobile
1.1.46.67,15/08/2025,,/,98.85,113,firefox,tv
200.25.86.101,02/09/2027,joao.lima16@gmail.com,/vestibular/UNICAMP,75.6,138,safari,mobile
177.181.8.18,01/01/2027,,/,74.74,203,lp,desktop
200.92.145.198,07/07/2025,pedrorodrigues@bol.com.br,/,59.34,120,opera,desktop
177.206.150.9,07/12/2026,beatrizsantos@usp.br,/cursos,51.4,303,ig,mobile
200.10.183.237,15/11/2027,,/quiz,15.12,236,firefox,desktop
200.250.163.61,21/05/2026,,/cursos,81.4,208,opera,desktop
1.1.235.143,09/02/2025,beatrizsilva@globo.com,/quiz,46.1,243,chrome,mobile
8.8.176.12,12/10/2026,l.oliveira@uol.com.br,/quiz,90.47,97,brave,tablet
8.8.40.9,28/11/2026,,/cursos,46.03,258,chrome,tablet
189.229.233.5,03/07/2027,joao.alves@globo.com,/instituicoes,20.33,220,x,mobile
177.44.119.237,12/02/2026,rafael.souza@hotmail.com,/vestibular/ENEM,90.31,187,lp,mobile
8.8.33.3,22/01/2026,ana.lima93@hotmail.com,/vestibular/ENEM,24.92,157,firefox,desktop
177.79.132.41,12/09/2027,joao.alves6@hotmail.com,/quiz,18.02,247,chrome,mobile
200.222.180.64,27/09/2025,lucassantos@uol.com.br,/vestibular/FUVEST,76.84,201,safari,mobile
189.78.182.191,30/04/2026,julia.oliveira93@edu.br,/quiz,9.32,183,lp,mobile
1.1.179.34,13/02/2025,,/quiz,24.36,214,chrome,tablet
200.160.67.179,16/11/2027,,/instituicoes,67.64,230,chrome,tv
177.85.170.180,17/04/2025,,/instituicoes,41.39,195,linkedin,desktop
177.186.87.118,17/05/2025,lucasgomes@uol.com.br,/vestibular/ENEM,69.73,268,safari,tablet
200.150.125.138,17/09/2025,joao.rodrigues@hotmail.com,/vestibular/ENEM,81.43,247,share,mobile
177.235.56.184,04/12/2025,joao.santos60@globo.com,/cursos,23.46,4,share,mobile
200.76.55.185,18/08/2026,ana.gomes@protonmail.com,/,20.0,172,firefox,mobile
200.75.115.86,22/02/2026,juliasouza@fatec.sp.gov.br,/,64.52,117,chrome,desktop
177.244.10.240,13/10/2026,a.santos@globo.com,/instituicoes,60.16,293,share,mobile
177.37.197.94,18/03/2026,pedro.gomes69@edu.br,/instituicoes,26.61,225,firefox,mobile
8.8.52.63,10/06/2027,p.silva@edu.br,/instituicoes,80.33,177,firefox,mobile
8.8.29.29,13/12/2025,,/instituicoes,71.72,149,safari,mobile
1.1.94.253,12/05/2027,carlos.souza55@edu.br,/vestibular/UNICAMP,90.98,255,share,mobile
177.156.223.153,15/08/2026,,/,65.52,114,share,desktop
200.215.72.122,08/09/2025,p.souza@uol.com.br,/cursos,6.72,136,chrome,desktop
177.250.202.73,21/09/2027,rafaelferreira@terra.com.br,/quiz,83.21,234,linkedin,mobile
8.8.250.254,13/04/2027,m.gomes@edu.br,/instituicoes,17.41,310,brave,mobile
8.8.215.158,19/09/2026,ana.rodrigues@fatec.sp.gov.br,/,3.56,102,safari,mobile
200.81.94.105,22/07/2025,l.alves@outlook.com,/quiz,46.67,167,opera,desktop
189.81.15.4,16/08/2025,lucas.gomes41@live.com,/vestibular/FATEC,99.25,181,chrome,mobile
200.248.187.76,13/04/2027,joaosantos@gmail.com,/quiz,24.99,202,chrome,mobile
8.8.47.19,25/01/2025,l.santos@live.com,/quiz,46.11,145,safari,mobile
177.234.176.217,25/11/2026,,/vestibular/FATEC,2.04,166,firefox,vr
8.8.151.176,24/02/2026,carlos.lima83@globo.com,/vestibular/FATEC,68.96,260,chrome,mobile
177.159.171.124,14/06/2026,pedrolima@uol.com.br,/instituicoes,29.33,141,chrome,mobile
1.1.138.105,06/06/2025,juliasantos@ig.com.br,/vestibular/UNICAMP,26.78,291,firefox,desktop
200.153.149.79,16/10/2026,anaalves@usp.br,/instituicoes,41.9,219,safari,tablet
8.8.248.201,06/07/2027,,/instituicoes,11.9,192,chrome,desktop
8.8.96.64,26/07/2027,pedro.alves50@edu.br,/vestibular/FUVEST,23.89,165,chrome,desktop
1.1.6.94,20/10/2025,,/,19.41,256,chrome,tablet
177.248.38.80,06/07/2027,c.gomes@ig.com.br,/quiz,66.49,252,brave,mobile
189.91.236.251,08/01/2026,,/vestibular/FATEC,97.82,218,chrome,desktop
189.89.125.76,07/11/2025,,/vestibular/FATEC,90.76,337,tiktok,desktop
189.161.226.168,03/04/2026,j.rodrigues@fatec.sp.gov.br,/vestibular/UNICAMP,15.37,134,lp,desktop
8.8.170.113,05/10/2025,,/vestibular/ENEM,1.03,131,firefox,mobile
189.73.43.61,17/05/2027,l.rodrigues@gmail.com,/instituicoes,20.11,241,firefox,mobile
177.36.243.251,28/01/2025,julia.souza@outlook.com,/vestibular/ENEM,9.72,136,safari,desktop
200.87.103.167,11/10/2026,,/vestibular/FATEC,76.97,298,lp,desktop
8.8.51.19,18/04/2025,,/vestibular/FATEC,56.38,220,share,mobile
8.8.21.136,16/02/2025,julia.souza33@yahoo.com,/cursos,57.77,212,safari,mobile
177.155.235.254,18/02/2025,,/vestibular/FUVEST,8.52,84,firefox,mobile
200.245.87.174,26/06/2026,maria.souza@edu.br,/cursos,35.04,190,share,desktop
200.83.82.40,04/04/2027,a.lima@gmail.com,/vestibular/ENEM,18.74,214,firefox,mobile
200.133.142.48,15/01/2027,,/cursos,90.47,213,firefox,tv
189.44.97.243,24/07/2027,,/instituicoes,18.67,217,chrome,tablet
200.80.72.92,20/01/2027,carlos.silva56@edu.br,/,75.09,276,duckduckgo,desktop
189.218.71.68,08/07/2025,rafael.gomes@yahoo.com,/vestibular/ENEM,65.16,147,chrome,desktop
200.207.121.155,04/06/2026,l.rodrigues@fatec.sp.gov.br,/,8.62,241,chrome,desktop
177.100.184.35,15/02/2026,p.gomes@gmail.com,/vestibular/UNICAMP,20.89,100,safari,mobile
1.1.57.109,06/06/2027,rafael.souza18@terra.com.br,/,76.64,273,linkedin,desktop
177.219.219.195,09/11/2027,,/cursos,49.08,113,lp,mobile
189.93.176.194,03/08/2025,,/,48.17,171,chrome,tablet
189.194.115.94,29/07/2026,,/vestibular/UNICAMP,30.77,121,linkedin,desktop
189.14.136.71,07/07/2027,a.gomes@bol.com.br,/vestibular/ENEM,69.99,214,safari,vr
8.8.186.180,09/01/2027,ana.rodrigues@hotmail.com,/instituicoes,16.04,195,safari,vr
177.242.161.221,16/09/2026,j.gomes@bol.com.br,/vestibular/FATEC,80.77,141,share,mobile
200.47.177.81,20/03/2026,lucas.gomes@terra.com.br,/instituicoes,88.61,196,duckduckgo,desktop
189.131.30.77,07/11/2027,p.souza@ig.com.br,/instituicoes,75.14,229,tiktok,mobile
177.168.240.208,20/08/2025,,/cursos,21.45,113,firefox,desktop
1.1.93.63,11/04/2026,joao.silva28@fatec.sp.gov.br,/quiz,51.08,63,ig,mobile
8.8.46.230,18/09/2025,,/,79.99,191,firefox,tablet
189.93.152.116,31/05/2025,,/vestibular/ENEM,80.86,131,safari,desktop
189.241.16.114,24/07/2026,,/cursos,77.56,175,safari,mobile
177.216.193.237,07/07/2025,c.oliveira@outlook.com,/,30.11,208,safari,desktop
200.252.208.238,26/11/2025,carlossouza@usp.br,/instituicoes,60.65,129,firefox,mobile
1.1.64.57,03/02/2025,,/cursos,13.53,129,safari,desktop
8.8.161.52,06/09/2026,,/vestibular/ENEM,97.27,104,chrome,vr
189.57.192.208,31/05/2027,,/cursos,49.9,281,chrome,desktop
1.1.86.33,27/01/2027,lucas.souza53@gmail.com,/instituicoes,15.19,174,firefox,mobile
8.8.190.66,24/08/2027,j.alves@gmail.com,/instituicoes,40.08,101,safari,mobile
189.112.228.100,04/01/2027,rafael.oliveira@edu.br,/cursos,25.91,216,duckduckgo,mobile
1.1.211.97,28/04/2027,pedro.santos@uol.com.br,/vestibular/FUVEST,32.74,309,safari,mobile
177.204.144.70,15/11/2026,beatriz.oliveira@hotmail.com,/vestibular/FUVEST,64.93,140,safari,mobile
8.8.129.209,03/01/2027,a.rodrigues@live.com,/instituicoes,96.89,172,safari,mobile
200.230.154.14,24/04/2026,ana.santos89@usp.br,/vestibular/ENEM,27.68,187,chrome,mobile
200.44.36.46,22/11/2026,,/,52.27,159,chrome,tablet
189.203.112.52,29/05/2026,lucas.ferreira@uol.com.br,/quiz,8.4,197,linkedin,mobile
8.8.169.163,29/10/2027,b.silva@edu.br,/vestibular/ENEM,23.52,167,safari,tablet
8.8.31.191,11/01/2027,mariarodrigues@terra.com.br,/vestibular/ENEM,42.04,66,firefox,desktop
1.1.156.107,14/06/2026,lucasgomes@hotmail.com,/vestibular/ENEM,38.44,135,share,mobile
200.93.157.178,03/08/2027,pedrogomes@edu.br,/,98.46,195,chrome,desktop
8.8.113.18,15/05/2026,larissapereira@usp.br,/vestibular/UNICAMP,49.75,201,lp,tablet
1.1.74.142,16/05/2025,r.souza@edu.br,/cursos,6.22,203,share,mobile
189.81.110.149,12/05/2025,,/,35.75,187,firefox,tablet
1.1.54.233,02/10/2026,,/instituicoes,87.73,215,chrome,mobile
200.127.144.146,14/04/2027,,/vestibular/ENEM,65.13,275,safari,mobile
177.50.8.32,20/03/2025,lucaspereira@uol.com.br,/,6.94,124,chrome,mobile
200.74.60.68,30/11/2027,joao.santos62@gmail.com,/vestibular/FUVEST,85.47,159,safari,mobile
8.8.252.56,04/06/2025,j.silva@uol.com.br,/vestibular/FUVEST,50.63,175,share,mobile
8.8.237.17,20/09/2026,mariapereira@gmail.com,/,14.1,126,safari,mobile
200.205.155.116,04/03/2025,,/,98.8,172,safari,desktop
1.1.216.223,16/03/2027,,/,74.91,130,opera,tablet
8.8.154.203,31/10/2026,,/vestibular/FATEC,53.12,282,tiktok,desktop
8.8.92.135,22/03/2027,joao.alves84@protonmail.com,/vestibular/UNICAMP,94.04,153,safari,mobile
177.161.61.218,07/10/2027,larissa.oliveira59@uol.com.br,/cursos,19.95,247,chrome,mobile
1.1.72.103,28/04/2026,larissa.lima94@yahoo.com,/instituicoes,77.78,163,safari,mobile
200.120.170.68,08/10/2027,,/vestibular/FUVEST,30.56,237,safari,mobile
8.8.163.103,22/02/2027,,/,42.92,122,safari,desktop
1.1.192.58,05/03/2026,,/vestibular/FATEC,3.8,221,safari,mobile
200.255.37.190,21/02/2025,,/,92.39,139,chrome,mobile
177.71.29.189,08/08/2025,pedrolima@fatec.sp.gov.br,/instituicoes,12.14,91,safari,tablet
8.8.136.53,04/01/2027,,/vestibular/UNICAMP,63.59,140,lp,tablet
177.69.158.34,04/07/2026,c.silva@protonmail.com,/,99.9,203,share,mobile
177.249.150.42,05/10/2025,carlossouza@ig.com.br,/vestibular/UNICAMP,18.58,126,share,mobile
177.198.127.49,23/09/2025,l.oliveira@yahoo.com,/quiz,83.28,227,ig,desktop
177.53.109.15,05/06/2025,beatrizsantos@ig.com.br,/instituicoes,41.1,102,safari,mobile
177.183.103.176,11/02/2025,pedrosilva@terra.com.br,/cursos,20.14,277,lp,desktop
189.174.34.220,31/07/2026,,/vestibular/FUVEST,3.07,198,safari,tablet
200.63.16.210,01/07/2027,carloslima@hotmail.com,/,87.38,228,safari,desktop
189.144.164.208,19/07/2026,l.lima@gmail.com,/,94.87,156,duckduckgo,mobile
177.5.69.160,08/08/2027,lucasgomes@icloud.com,/instituicoes,23.44,48,safari,tablet
200.122.48.221,08/10/2025,,/cursos,45.63,214,opera,tablet
1.1.90.252,17/05/2025,,/,73.64,180,opera,tv
1.1.106.31,20/02/2026,pedro.souza16@hotmail.com,/vestibular/UNICAMP,31.3,153,x,desktop
200.233.26.151,21/03/2027,carlos.ferreira@globo.com,/quiz,54.37,212,chrome,tablet
8.8.178.177,24/03/2025,,/instituicoes,68.26,89,linkedin,desktop
189.149.2.117,08/11/2027,joao.silva55@ig.com.br,/instituicoes,36.52,292,firefox,mobile
200.237.240.219,09/04/2026,beatriz.rodrigues@terra.com.br,/cursos,37.29,179,opera,desktop
200.116.207.78,23/09/2026,r.souza@yahoo.com,/quiz,68.35,62,safari,tablet
8.8.7.160,15/05/2026,,/,97.96,140,opera,desktop
1.1.113.168,27/06/2027,julia.silva@ig.com.br,/instituicoes,14.07,252,chrome,tv
200.125.121.103,14/10/2026,,/cursos,21.99,248,chrome,desktop
200.227.228.246,19/05/2025,joao.santos3@globo.com,/quiz,82.77,219,share,mobile
1.1.117.65,04/11/2025,,/vestibular/FATEC,3.0,185,safari,mobile
8.8.28.17,22/07/2027,c.lima@uol.com.br,/quiz,26.83,184,linkedin,desktop
8.8.100.104,12/11/2027,a.lima@terra.com.br,/quiz,84.42,256,chrome,mobile
189.221.150.67,15/07/2027,,/instituicoes,86.13,75,firefox,desktop
1.1.38.70,19/01/2026,,/cursos,79.45,107,chrome,tablet
8.8.242.145,24/08/2027,,/vestibular/ENEM,92.84,174,chrome,desktop
8.8.72.27,18/11/2026,ana.lima80@protonmail.com,/,73.0,98,safari,mobile
177.242.73.83,29/05/2027,,/,55.26,206,chrome,tv
200.21.224.221,26/01/2026,joao.silva46@outlook.com,/,81.46,123,firefox,desktop
1.1.39.213,23/07/2025,m.ferreira@globo.com,/quiz,25.07,267,chrome,mobile
177.238.20.62,21/05/2025,,/vestibular/FUVEST,51.24,131,share,mobile
177.140.54.223,31/03/2026,julia.lima25@ig.com.br,/cursos,14.77,86,chrome,mobile
200.247.247.209,27/05/2025,joao.pereira@ig.com.br,/quiz,68.53,267,safari,mobile
1.1.21.90,28/11/2025,c.santos@live.com,/vestibular/FUVEST,97.64,103,share,desktop
1.1.148.95,20/03/2027,,/vestibular/FATEC,37.84,148,share,mobile
189.250.43.18,09/07/2025,lucas.gomes54@ig.com.br,/vestibular/UNICAMP,81.05,187,safari,mobile
177.171.77.195,30/01/2027,julia.gomes37@protonmail.com,/vestibular/ENEM,18.37,96,safari,desktop
189.75.222.202,19/09/2027,marialima@bol.com.br,/cursos,82.17,275,share,mobile
189.232.104.28,02/12/2027,,/instituicoes,58.95,249,safari,tv
189.130.188.75,01/02/2026,,/cursos,62.06,228,chrome,tv
200.144.231.207,03/06/2026,carlos.oliveira70@outlook.com,/,82.21,151,chrome,desktop
8.8.115.156,08/09/2025,,/,50.65,100,safari,mobile
200.36.165.197,28/03/2027,rafaellima@uol.com.br,/,31.07,175,opera,desktop
189.47.92.116,03/01/2027,pedrolima@gmail.com,/quiz,14.23,245,chrome,desktop
189.216.193.123,07/08/2026,,/vestibular/UNICAMP,30.23,230,share,desktop
200.33.18.227,26/07/2026,pedro.pereira61@terra.com.br,/quiz,83.49,263,safari,mobile
1.1.105.121,19/05/2027,carlos.rodrigues43@bol.com.br,/quiz,95.09,201,chrome,desktop
177.26.7.92,03/04/2026,,/cursos,0.06,141,chrome,desktop
1.1.110.85,12/10/2026,ana.santos@icloud.com,/cursos,28.4,254,safari,desktop
200.117.126.165,12/05/2026,maria.gomes6@edu.br,/,9.02,159,safari,desktop
200.172.80.181,10/04/2027,joaooliveira@gmail.com,/vestibular/ENEM,83.02,192,safari,desktop
8.8.246.25,16/09/2026,marialima@protonmail.com,/quiz,93.34,197,chrome,mobile
1.1.79.112,05/03/2027,,/vestibular/UNICAMP,3.28,252,chrome,mobile
200.144.53.68,11/05/2027,,/,36.12,213,x,desktop
1.1.244.44,22/04/2025,,/quiz,40.91,219,lp,tablet
1.1.222.240,14/04/2026,,/cursos,9.17,137,chrome,desktop
8.8.252.128,19/08/2026,b.ferreira@bol.com.br,/,63.72,176,opera,mobile
1.1.29.170,12/02/2027,ana.oliveira@terra.com.br,/cursos,8.5,230,safari,tablet
200.82.202.106,16/10/2025,,/,59.13,234,share,desktop
1.1.193.96,26/05/2025,lucasalves@outlook.com,/,59.79,206,chrome,tv
1.1.35.58,22/09/2027,,/vestibular/FUVEST,44.3,158,chrome,mobile
8.8.90.107,20/12/2026,lucas.lima92@bol.com.br,/cursos,91.0,226,firefox,tablet
8.8.251.125,06/09/2027,,/,3.3,40,safari,desktop
189.32.45.59,20/02/2025,,/quiz,23.97,157,safari,mobile
189.2.247.41,25/07/2025,julia.lima47@ig.com.br,/vestibular/FUVEST,50.13,46,brave,desktop
1.1.242.105,01/06/2026,joao.oliveira20@terra.com.br,/quiz,7.1,293,safari,mobile
1.1.199.230,25/07/2025,,/vestibular/FUVEST,41.61,225,x,desktop
177.203.41.46,10/04/2025,,/cursos,96.1,112,linkedin,vr
1.1.108.15,27/11/2025,,/quiz,57.63,229,chrome,mobile
200.45.91.111,24/08/2025,ana.silva80@gmail.com,/cursos,87.24,148,chrome,mobile
1.1.231.63,24/09/2025,,/vestibular/FUVEST,26.92,219,lp,desktop
177.173.78.195,13/03/2026,lucasalves@globo.com,/,82.54,199,chrome,mobile
200.191.228.234,18/11/2026,pedro.rodrigues86@icloud.com,/instituicoes,45.78,162,share,mobile
189.4.221.139,05/08/2025,,/quiz,26.05,175,firefox,vr
200.62.223.110,06/11/2026,julia.oliveira80@protonmail.com,/,84.8,181,opera,mobile
1.1.81.16,13/09/2027,,/vestibular/FATEC,91.94,116,ig,tv
200.192.40.144,11/07/2025,julia.pereira@globo.com,/instituicoes,30.22,163,chrome,mobile
189.111.1.42,27/09/2027,,/instituicoes,0.83,199,firefox,desktop
177.177.125.128,24/05/2025,maria.rodrigues4@yahoo.com,/vestibular/FUVEST,83.89,144,ig,mobile
189.210.167.48,21/05/2025,larissapereira@gmail.com,/,72.44,273,linkedin,mobile
200.107.94.191,04/06/2025,joao.alves54@uol.com.br,/cursos,20.32,37,safari,tablet
200.33.119.43,05/05/2025,maria.oliveira19@bol.com.br,/quiz,81.15,282,safari,mobile
177.182.46.107,17/08/2026,maria.souza@usp.br,/vestibular/FUVEST,84.12,266,ig,mobile
189.157.252.171,05/10/2025,,/,53.15,159,chrome,desktop
189.21.251.159,05/02/2027,ana.pereira3@globo.com,/vestibular/UNICAMP,99.28,231,safari,mobile
189.128.48.6,23/08/2025,,/,76.16,43,duckduckgo,desktop
1.1.38.44,24/12/2027,maria.oliveira32@ig.com.br,/cursos,15.94,241,safari,desktop
189.17.145.134,30/10/2027,,/,14.83,107,brave,tablet
1.1.63.101,21/07/2026,beatriz.santos86@uol.com.br,/cursos,56.49,168,safari,mobile
8.8.250.178,08/06/2027,pedrosouza@uol.com.br,/cursos,41.22,320,share,mobile
177.129.27.192,21/04/2026,joao.lima43@icloud.com,/quiz,91.25,242,safari,mobile
177.101.110.31,17/04/2026,,/vestibular/FATEC,5.48,338,safari,desktop
1.1.29.172,29/07/2025,p.oliveira@edu.br,/cursos,44.51,162,share,mobile
1.1.32.0,30/05/2027,,/instituicoes,15.9,140,chrome,tablet
189.213.4.253,08/10/2026,pedro.rodrigues@uol.com.br,/,6.87,118,safari,desktop
200.49.176.78,16/09/2027,,/instituicoes,55.77,182,firefox,desktop
177.35.139.186,29/11/2025,,/vestibular/ENEM,16.35,143,chrome,mobile
8.8.97.95,31/05/2026,rafaellima@fatec.sp.gov.br,/,46.07,173,chrome,tablet
1.1.79.92,19/10/2025,r.silva@yahoo.com,/,28.0,148,chrome,desktop
200.163.178.102,08/07/2027,,/instituicoes,49.1,166,share,tablet
1.1.125.188,29/06/2026,larissagomes@fatec.sp.gov.br,/instituicoes,83.33,119,safari,desktop
189.141.40.32,05/03/2026,,/instituicoes,57.82,160,duckduckgo,desktop
200.226.12.224,21/05/2025,,/,77.32,239,safari,tablet
8.8.108.138,29/06/2026,joaoalves@globo.com,/,98.06,182,lp,mobile
1.1.199.24,04/11/2027,rafael.souza@gmail.com,/,53.07,16,firefox,mobile
1.1.198.58,23/07/2027,,/vestibular/UNICAMP,12.29,232,firefox,tv
177.62.8.192,16/12/2026,,/,63.69,139,opera,desktop
177.2.239.45,25/03/2027,,/cursos,73.1,186,lp,mobile
189.39.100.181,04/09/2026,,/,45.39,354,lp,tablet
200.115.84.143,24/01/2026,b.ferreira@icloud.com,/cursos,14.13,103,opera,tablet
8.8.212.194,17/02/2026,,/,74.11,250,lp,desktop
177.118.237.47,01/12/2026,a.gomes@protonmail.com,/,50.18,268,opera,mobile
189.14.126.124,03/12/2025,,/vestibular/FATEC,94.84,220,chrome,mobile
177.144.200.33,02/12/2025,p.alves@fatec.sp.gov.br,/cursos,88.81,106,opera,desktop
8.8.250.215,25/12/2027,,/vestibular/ENEM,61.91,52,chrome,vr
8.8.155.163,25/12/2027,larissa.silva@globo.com,/instituicoes,39.59,206,firefox,mobile
1.1.144.195,24/01/2025,pedrolima@globo.com,/vestibular/ENEM,65.95,191,safari,tv
8.8.135.69,23/03/2026,larissa.oliveira@edu.br,/vestibular/ENEM,70.03,155,firefox,tablet
1.1.157.82,09/11/2027,,/quiz,77.3,196,duckduckgo,desktop
8.8.35.79,05/08/2025,,/,20.62,75,chrome,desktop
8.8.40.252,01/02/2025,,/vestibular/ENEM,22.51,209,firefox,desktop
200.175.85.10,06/08/2027,,/,69.66,79,chrome,mobile
8.8.255.237,25/11/2026,ana.souza@ig.com.br,/cursos,88.25,211,safari,tablet
177.70.59.223,10/08/2027,r.ferreira@gmail.com,/vestibular/ENEM,40.72,138,chrome,desktop
177.146.150.49,01/10/2026,carlos.oliveira@live.com,/quiz,95.6,125,firefox,mobile
200.96.90.42,10/12/2027,maria.souza@fatec.sp.gov.br,/vestibular/ENEM,79.9,184,tiktok,desktop
177.222.100.47,31/03/2026,lucassantos@usp.br,/,94.07,136,safari,tablet
1.1.100.112,03/03/2026,beatriz.ferreira37@globo.com,/,70.12,192,firefox,mobile
189.158.157.75,29/11/2025,carlos.pereira@usp.br,/cursos,14.51,113,safari,desktop
177.15.199.69,23/08/2027,,/,64.37,256,chrome,tablet
189.201.130.126,11/11/2027,,/vestibular/ENEM,50.6,327,chrome,desktop
189.114.45.237,02/09/2025,j.rodrigues@live.com,/vestibular/UNICAMP,31.18,289,tiktok,desktop
189.70.130.10,19/02/2027,larissalima@edu.br,/instituicoes,59.48,107,safari,vr
200.156.253.231,05/10/2025,lucas.santos@edu.br,/,4.04,174,share,desktop
189.60.213.43,06/05/2025,larissa.ferreira@globo.com,/,71.93,53,firefox,mobile
8.8.237.80,22/06/2025,,/cursos,36.34,104,chrome,tablet
1.1.141.208,13/02/2026,,/instituicoes,8.89,130,share,desktop
200.189.202.112,17/12/2026,joao.ferreira@uol.com.br,/,48.48,293,tiktok,mobile
8.8.25.200,02/12/2027,,/quiz,17.55,155,chrome,tablet
189.145.154.17,01/12/2025,l.oliveira@icloud.com,/vestibular/FUVEST,50.86,182,safari,mobile
189.191.163.83,01/09/2027,,/vestibular/FUVEST,15.0,206,lp,desktop
8.8.195.77,09/01/2025,r.rodrigues@edu.br,/,63.93,222,lp,desktop
8.8.159.101,29/10/2026,,/vestibular/FATEC,80.1,203,chrome,tablet
177.234.253.194,15/11/2026,,/cursos,49.2,239,chrome,mobile
189.92.52.135,12/11/2026,,/cursos,46.8,98,safari,desktop
177.80.173.83,20/04/2027,lucassouza@globo.com,/instituicoes,38.22,143,safari,mobile
177.35.116.229,05/12/2026,,/cursos,36.6,106,safari,mobile
8.8.136.243,04/04/2027,beatriz.pereira@hotmail.com,/,69.06,211,chrome,mobile
189.45.219.2,13/03/2026,carlosalves@edu.br,/,36.93,227,safari,mobile
1.1.69.226,31/12/2025,,/vestibular/ENEM,16.56,209,firefox,desktop
177.235.131.69,11/06/2027,l.pereira@usp.br,/quiz,63.46,129,chrome,mobile
200.226.37.228,15/09/2027,,/instituicoes,41.6,232,chrome,tablet
1.1.164.27,29/10/2026,p.santos@bol.com.br,/cursos,73.26,193,safari,tv
177.69.52.108,20/01/2027,,/cursos,38.66,196,chrome,desktop
177.139.100.35,22/01/2027,pedro.souza@terra.com.br,/quiz,46.41,262,chrome,desktop
1.1.72.31,11/04/2027,pedro.souza@outlook.com,/vestibular/UNICAMP,4.46,69,safari,desktop
177.76.0.81,25/09/2025,,/quiz,84.64,260,firefox,mobile
200.120.64.74,11/02/2026,b.gomes@hotmail.com,/vestibular/ENEM,95.44,168,chrome,mobile
1.1.47.141,11/11/2027,,/quiz,54.63,232,brave,mobile
200.193.230.85,07/01/2025,c.souza@icloud.com,/quiz,7.65,50,safari,desktop
1.1.41.74,19/07/2027,c.alves@uol.com.br,/instituicoes,44.47,110,safari,desktop
189.185.149.121,20/09/2027,,/vestibular/ENEM,32.44,238,lp,desktop
1.1.110.97,04/02/2026,beatriz.rodrigues@fatec.sp.gov.br,/,49.08,198,safari,mobile
200.184.111.213,07/09/2027,,/,22.74,172,safari,tablet
189.3.117.151,23/12/2026,,/instituicoes,43.5,91,chrome,mobile
200.181.165.172,24/02/2025,maria.silva28@globo.com,/vestibular/ENEM,3.49,115,opera,tablet
200.127.116.187,21/06/2026,carlosalves@protonmail.com,/instituicoes,78.59,213,safari,desktop
177.81.109.178,08/03/2025,,/vestibular/FATEC,60.56,130,linkedin,desktop
189.193.243.20,29/04/2025,,/vestibular/FATEC,47.02,78,safari,mobile
200.96.71.224,02/12/2025,,/,69.01,101,share,desktop
1.1.105.1,06/09/2026,joao.oliveira79@bol.com.br,/vestibular/UNICAMP,25.33,95,safari,mobile
1.1.233.223,20/11/2027,,/,1.5,134,firefox,desktop
1.1.63.6,11/07/2027,,/,56.85,205,chrome,desktop
8.8.46.201,15/06/2025,ana.alves24@terra.com.br,/vestibular/FUVEST,6.12,191,firefox,desktop
200.141.203.218,10/04/2026,maria.santos60@icloud.com,/cursos,0.92,68,tiktok,tablet
200.172.60.106,16/11/2027,mariarodrigues@outlook.com,/,33.08,237,ig,mobile
177.44.135.147,27/07/2026,larissaferreira@gmail.com,/cursos,24.26,162,safari,tablet
177.102.177.60,10/01/2025,,/cursos,36.44,311,share,tablet
189.60.71.173,01/04/2026,,/,74.59,207,x,vr
200.91.103.54,11/06/2026,,/,38.95,128,share,tablet
1.1.15.1,08/03/2026,mariapereira@outlook.com,/instituicoes,62.75,316,chrome,mobile
177.120.102.111,08/07/2027,pedrooliveira@uol.com.br,/vestibular/FUVEST,72.24,199,firefox,mobile
8.8.124.50,06/11/2025,b.lima@bol.com.br,/,94.2,179,chrome,mobile
1.1.49.244,24/05/2025,larissa.alves68@usp.br,/instituicoes,80.67,90,share,mobile
8.8.245.209,01/11/2027,,/quiz,54.36,269,chrome,mobile
8.8.66.41,24/07/2026,a.silva@gmail.com,/,29.63,222,safari,mobile
1.1.225.233,15/04/2027,,/cursos,78.78,247,firefox,mobile
8.8.131.217,08/01/2027,larissa.gomes@bol.com.br,/cursos,25.73,109,tiktok,mobile
8.8.103.56,13/12/2025,l.souza@globo.com,/instituicoes,36.77,170,firefox,desktop
200.176.108.119,22/01/2026,julia.alves65@bol.com.br,/quiz,41.71,168,opera,mobile
1.1.10.146,17/01/2027,j.gomes@usp.br,/instituicoes,90.0,120,share,tablet
177.107.16.139,04/08/2027,carlosgomes@globo.com,/instituicoes,68.22,89,chrome,mobile
177.104.186.14,22/11/2027,larissaoliveira@gmail.com,/cursos,48.55,104,firefox,desktop
200.62.206.236,30/04/2027,l.oliveira@ig.com.br,/,46.43,160,safari,desktop
189.229.91.198,01/07/2027,,/instituicoes,98.94,266,chrome,desktop
189.17.50.44,05/08/2026,l.oliveira@protonmail.com,/,47.25,225,tiktok,mobile
200.175.69.132,15/12/2026,joaoferreira@globo.com,/cursos,55.48,221,lp,mobile
177.143.39.195,22/01/2026,,/,29.47,132,chrome,tv
1.1.238.91,17/09/2027,carlos.lima@terra.com.br,/quiz,82.19,148,chrome,tablet
8.8.70.136,06/12/2025,larissa.alves@uol.com.br,/,51.83,259,ig,mobile
177.251.180.237,19/03/2025,,/vestibular/FATEC,5.46,167,firefox,mobile
1.1.95.157,03/05/2025,anagomes@outlook.com,/quiz,16.48,203,lp,tv
177.205.204.62,28/06/2026,m.gomes@live.com,/quiz,62.0,82,firefox,mobile
200.207.167.238,18/12/2025,maria.rodrigues63@yahoo.com,/vestibular/UNICAMP,15.45,53,chrome,desktop
177.192.246.127,28/06/2025,rafael.santos@uol.com.br,/,54.64,158,safari,tv
189.202.46.236,22/10/2027,larissasantos@outlook.com,/instituicoes,65.05,95,tiktok,desktop
177.211.194.169,12/09/2026,m.gomes@outlook.com,/cursos,65.12,223,safari,desktop
8.8.81.30,28/12/2026,c.souza@gmail.com,/cursos,78.42,150,firefox,mobile
189.91.61.79,07/09/2026,joao.ferreira@gmail.com,/,62.63,215,tiktok,desktop
200.119.71.225,20/10/2025,beatriz.lima@outlook.com,/cursos,45.42,171,safari,mobile
177.252.117.188,01/01/2026,j.santos@yahoo.com,/,22.09,203,safari,tablet
177.134.47.231,05/10/2026,l.alves@uol.com.br,/,88.38,205,safari,mobile
200.150.91.125,03/02/2025,julialima@fatec.sp.gov.br,/,81.14,268,brave,mobile
1.1.49.75,05/11/2027,,/vestibular/ENEM,25.96,236,chrome,mobile
200.59.25.9,21/03/2026,j.souza@globo.com,/instituicoes,28.9,196,chrome,mobile
177.87.160.67,15/09/2027,rafaelsilva@globo.com,/instituicoes,11.17,160,lp,mobile
177.130.253.22,18/07/2027,ana.gomes@outlook.com,/cursos,22.03,198,firefox,mobile
8.8.109.92,22/12/2025,,/quiz,13.46,175,safari,desktop
8.8.36.149,16/12/2027,,/cursos,55.73,139,chrome,tablet
1.1.152.53,22/07/2025,joao.lima@protonmail.com,/instituicoes,29.97,196,chrome,mobile
200.199.124.154,08/07/2026,joao.silva@outlook.com,/vestibular/UNICAMP,8.62,228,safari,tablet
189.122.62.125,01/12/2026,,/vestibular/FATEC,68.28,122,ig,mobile
177.92.82.65,26/01/2027,j.gomes@terra.com.br,/,61.98,239,chrome,desktop
200.245.160.188,29/09/2025,carlos.santos@edu.br,/cursos,58.08,138,safari,mobile
1.1.104.235,22/03/2025,,/vestibular/FUVEST,86.54,225,duckduckgo,desktop
1.1.84.110,17/08/2026,,/vestibular/ENEM,73.4,253,chrome,tablet
177.196.80.131,16/06/2025,b.gomes@fatec.sp.gov.br,/vestibular/ENEM,76.04,266,safari,desktop
177.205.126.27,09/01/2027,larissagomes@yahoo.com,/cursos,65.89,152,lp,mobile
200.60.115.13,05/03/2025,ana.gomes@terra.com.br,/cursos,60.86,142,firefox,vr
200.48.145.218,19/12/2026,beatriz.souza39@fatec.sp.gov.br,/vestibular/ENEM,40.43,184,chrome,mobile
177.217.69.200,13/03/2027,,/cursos,23.0,184,chrome,mobile
189.184.126.60,08/10/2025,carlossilva@live.com,/,95.63,158,safari,mobile
189.152.150.206,29/12/2026,,/vestibular/ENEM,95.04,150,tiktok,tablet
1.1.227.230,15/09/2027,,/quiz,13.71,169,duckduckgo,desktop
1.1.24.93,23/06/2025,lucas.rodrigues@live.com,/quiz,61.88,178,lp,mobile
1.1.173.199,01/12/2027,pedro.alves27@edu.br,/vestibular/FUVEST,12.76,312,firefox,mobile
8.8.49.41,21/04/2026,,/vestibular/UNICAMP,93.46,155,safari,desktop
177.154.80.33,15/01/2027,ana.santos33@gmail.com,/vestibular/ENEM,1.37,114,share,tablet
200.181.39.202,12/04/2025,maria.oliveira47@yahoo.com,/,26.54,186,firefox,mobile
8.8.213.165,02/01/2026,,/vestibular/FATEC,15.35,204,duckduckgo,desktop
189.160.102.33,02/10/2025,,/vestibular/ENEM,85.76,119,chrome,desktop
8.8.58.183,13/12/2027,,/,48.79,201,safari,mobile
200.160.43.223,17/06/2027,julia.oliveira@hotmail.com,/vestibular/ENEM,15.73,132,brave,tablet
8.8.250.5,28/02/2026,,/,3.99,224,chrome,desktop
200.20.81.26,27/07/2027,,/vestibular/UNICAMP,88.25,176,firefox,desktop
200.182.56.87,03/05/2027,,/cursos,21.24,202,chrome,mobile
200.14.183.217,06/11/2025,j.ferreira@protonmail.com,/vestibular/FUVEST,0.32,291,safari,mobile
177.248.245.164,27/06/2025,joao.ferreira@usp.br,/cursos,38.24,278,chrome,mobile
189.82.64.167,24/03/2027,,/vestibular/FUVEST,80.75,195,safari,desktop
200.237.140.40,11/08/2027,a.ferreira@globo.com,/vestibular/FUVEST,2.45,206,chrome,mobile
200.217.220.164,11/12/2027,lucas.silva33@icloud.com,/cursos,70.5,258,safari,mobile
8.8.8.181,29/10/2025,,/instituicoes,28.41,241,x,desktop
189.106.68.141,16/10/2027,,/vestibular/ENEM,29.56,213,tiktok,tablet
1.1.158.155,02/02/2026,ana.silva@usp.br,/cursos,80.81,203,lp,mobile
177.227.156.184,07/12/2025,,/quiz,56.39,167,opera,desktop
189.96.1.209,31/05/2025,joao.rodrigues@gmail.com,/cursos,3.69,229,safari,desktop
177.56.68.165,25/02/2026,,/,45.03,105,lp,desktop
8.8.203.194,12/11/2026,lucas.silva33@ig.com.br,/vestibular/ENEM,47.31,131,chrome,desktop
8.8.204.96,19/07/2025,j.pereira@live.com,/instituicoes,65.42,52,firefox,mobile
177.115.79.175,18/07/2026,m.silva@protonmail.com,/,85.58,67,safari,mobile
177.12.164.74,02/01/2027,rafael.gomes@hotmail.com,/vestibular/UNICAMP,22.86,208,chrome,mobile
8.8.2.60,08/04/2025,pedro.gomes73@edu.br,/vestibular/FUVEST,87.38,196,safari,mobile
189.98.162.161,23/02/2025,ana.alves@protonmail.com,/,1.96,235,chrome,mobile
1.1.173.61,10/07/2027,,/quiz,32.56,88,opera,desktop
189.78.92.43,28/04/2026,l.santos@gmail.com,/vestibular/FUVEST,51.81,124,chrome,mobile
189.30.6.89,11/06/2026,j.santos@ig.com.br,/cursos,64.95,142,safari,desktop
189.100.0.39,28/05/2025,,/,91.29,234,firefox,mobile
200.196.73.217,20/05/2026,,/instituicoes,51.59,202,chrome,mobile
189.113.68.149,02/08/2025,carlosgomes@edu.br,/,72.35,223,share,mobile
200.13.119.117,01/12/2025,j.rodrigues@terra.com.br,/quiz,46.17,52,chrome,tablet
189.118.140.1,09/10/2025,larissa.pereira@protonmail.com,/cursos,44.78,226,lp,mobile
8.8.164.89,25/09/2027,,/,25.65,208,chrome,desktop
177.109.184.1,18/07/2027,carlos.ferreira@bol.com.br,/,24.92,167,chrome,mobile
1.1.4.101,26/06/2027,,/instituicoes,2.72,189,opera,desktop
200.226.155.97,12/02/2025,,/cursos,92.63,231,firefox,mobile
1.1.90.31,14/02/2027,lucas.rodrigues73@live.com,/,76.81,58,duckduckgo,mobile
1.1.103.108,14/06/2027,mariagomes@protonmail.com,/quiz,16.73,198,x,mobile
8.8.238.76,23/10/2026,lucas.rodrigues77@bol.com.br,/vestibular/UNICAMP,61.89,246,firefox,tablet
1.1.251.236,03/01/2027,joao.pereira50@fatec.sp.gov.br,/cursos,35.63,113,chrome,mobile
8.8.240.224,05/12/2027,carlos.oliveira68@ig.com.br,/cursos,63.59,233,chrome,mobile
8.8.25.218,13/12/2025,,/,75.04,185,chrome,desktop
8.8.105.232,02/07/2025,c.pereira@hotmail.com,/vestibular/UNICAMP,14.13,164,duckduckgo,mobile
1.1.120.10,04/09/2026,j.ferreira@uol.com.br,/vestibular/ENEM,20.93,216,tiktok,mobile
1.1.122.243,28/01/2025,beatrizsouza@edu.br,/,58.19,193,opera,mobile
189.13.5.240,16/10/2026,,/instituicoes,29.4,99,chrome,desktop
177.31.153.238,25/08/2026,,/cursos,32.58,79,safari,desktop
1.1.72.134,23/07/2026,rafaelsantos@live.com,/quiz,14.88,146,lp,mobile
200.7.106.57,17/07/2027,carlos.alves97@usp.br,/instituicoes,23.41,155,opera,desktop
189.199.111.18,25/06/2027,l.pereira@terra.com.br,/,62.11,182,firefox,desktop
177.43.29.244,07/01/2025,j.rodrigues@protonmail.com,/instituicoes,10.6,249,ig,mobile
1.1.204.179,06/05/2027,p.lima@live.com,/instituicoes,52.4,231,tiktok,mobile
8.8.214.117,22/08/2027,rafaelsilva@terra.com.br,/cursos,9.08,237,chrome,desktop
1.1.64.82,04/05/2026,,/cursos,68.08,284,lp,tablet
189.43.69.94,06/08/2025,pedro.silva16@fatec.sp.gov.br,/quiz,86.34,180,opera,mobile
189.33.174.5,07/03/2026,,/cursos,51.85,255,share,mobile
189.221.15.158,30/05/2027,,/quiz,63.02,95,chrome,mobile
8.8.59.153,27/07/2027,joaorodrigues@outlook.com,/,97.17,194,chrome,mobile
200.113.151.66,12/11/2025,lucas.souza@yahoo.com,/vestibular/UNICAMP,4.6,220,share,tablet
200.182.46.81,23/05/2026,pedro.alves22@live.com,/,8.0,71,brave,mobile
8.8.161.134,24/09/2027,larissa.santos@edu.br,/,93.06,52,tiktok,desktop
177.248.238.242,03/06/2027,carlospereira@outlook.com,/,94.63,131,chrome,mobile
177.103.219.84,04/03/2026,joaosouza@fatec.sp.gov.br,/cursos,35.62,131,chrome,desktop
177.236.191.231,20/12/2026,julia.souza12@outlook.com,/vestibular/UNICAMP,2.12,260,safari,tablet
1.1.55.78,23/10/2025,,/instituicoes,9.84,149,duckduckgo,desktop
189.211.102.187,21/06/2027,beatriz.santos40@edu.br,/,89.39,208,firefox,mobile
189.127.49.86,25/08/2025,b.alves@bol.com.br,/cursos,73.65,286,chrome,desktop
177.130.152.106,21/08/2026,,/cursos,83.85,134,lp,desktop
189.17.204.143,25/10/2025,,/,16.33,258,safari,mobile
1.1.20.33,04/05/2025,,/vestibular/UNICAMP,54.15,224,chrome,tv
1.1.21.24,12/11/2026,,/,22.0,202,chrome,mobile
200.81.247.53,01/06/2027,mariaoliveira@outlook.com,/quiz,48.37,149,lp,mobile
177.4.97.152,30/01/2027,rafaellima@uol.com.br,/,60.44,89,chrome,mobile
1.1.14.112,06/11/2025,pedro.alves62@globo.com,/,42.29,219,chrome,mobile
1.1.111.72,17/08/2027,,/quiz,93.6,186,tiktok,mobile
1.1.59.41,02/03/2026,,/vestibular/FATEC,43.62,181,firefox,tablet
8.8.21.104,28/09/2027,julia.ferreira71@protonmail.com,/vestibular/ENEM,5.77,261,chrome,desktop
189.236.32.157,09/11/2026,,/,49.54,240,chrome,desktop
200.247.123.153,02/10/2027,carlos.lima@gmail.com,/,7.33,193,safari,mobile
189.79.86.46,24/02/2027,,/instituicoes,69.16,233,chrome,tablet
1.1.226.233,16/09/2025,,/instituicoes,26.77,151,duckduckgo,desktop
177.66.157.238,20/03/2025,juliaferreira@gmail.com,/vestibular/FUVEST,61.55,232,brave,desktop
1.1.133.159,27/05/2027,,/vestibular/FATEC,48.55,211,chrome,mobile
189.53.245.53,22/12/2027,,/instituicoes,56.1,86,duckduckgo,desktop
200.38.54.57,17/10/2025,,/,14.37,147,firefox,mobile
200.12.51.13,12/07/2025,,/vestibular/FUVEST,16.4,127,chrome,desktop
8.8.122.222,13/12/2025,a.souza@uol.com.br,/vestibular/FUVEST,54.49,312,duckduckgo,mobile
8.8.152.254,20/05/2026,,/cursos,94.1,139,tiktok,desktop
1.1.38.210,15/04/2027,,/vestibular/FATEC,41.04,76,chrome,tv
1.1.73.113,20/11/2026,julia.lima20@terra.com.br,/vestibular/FUVEST,65.71,168,chrome,mobile
177.113.81.247,15/11/2027,,/cursos,21.95,154,share,desktop
189.65.253.187,17/09/2025,beatrizferreira@globo.com,/cursos,87.59,185,safari,mobile
189.64.23.222,11/10/2025,,/quiz,86.27,157,firefox,desktop
1.1.87.177,13/01/2027,ana.pereira@protonmail.com,/cursos,70.34,353,lp,mobile
8.8.194.193,24/08/2026,beatrizsouza@edu.br,/quiz,73.04,142,safari,desktop
1.1.102.72,07/12/2026,,/cursos,21.13,244,chrome,mobile
200.207.102.237,22/05/2025,l.alves@usp.br,/vestibular/ENEM,4.06,191,ig,mobile
189.0.186.59,02/01/2027,pedro.rodrigues63@bol.com.br,/,18.78,153,chrome,desktop
1.1.208.161,25/11/2025,,/,26.08,112,chrome,tablet
177.244.236.154,23/03/2027,beatriz.pereira@ig.com.br,/cursos,32.25,158,firefox,mobile
200.75.168.41,25/08/2027,,/,42.55,173,safari,tablet
1.1.77.203,16/01/2026,a.lima@ig.com.br,/,74.61,157,brave,desktop
8.8.72.158,28/10/2025,p.oliveira@yahoo.com,/cursos,51.94,75,chrome,desktop
1.1.15.23,05/08/2027,,/,41.04,182,chrome,mobile
8.8.4.125,05/05/2025,,/,62.57,130,firefox,desktop
189.230.15.206,06/12/2027,julialima@usp.br,/cursos,84.17,152,tiktok,tv
189.176.62.14,22/09/2025,j.lima@uol.com.br,/,51.37,134,tiktok,mobile
8.8.175.121,28/01/2025,maria.silva@bol.com.br,/,36.63,209,brave,desktop
1.1.21.240,25/10/2026,beatriz.santos@ig.com.br,/vestibular/ENEM,43.53,191,firefox,mobile
1.1.10.217,11/06/2027,l.pereira@fatec.sp.gov.br,/,3.39,167,safari,mobile
8.8.255.236,20/04/2026,julia.gomes@usp.br,/cursos,82.33,55,share,mobile
177.151.30.59,27/11/2025,mariagomes@globo.com,/vestibular/ENEM,13.56,157,firefox,vr
177.168.26.189,29/12/2026,lucas.souza45@outlook.com,/instituicoes,74.21,243,tiktok,mobile
8.8.25.225,03/03/2025,,/,52.27,144,duckduckgo,mobile
177.22.80.119,28/03/2025,c.lima@gmail.com,/vestibular/ENEM,83.08,187,brave,tv
8.8.37.53,02/12/2027,m.alves@outlook.com,/cursos,88.48,135,lp,tablet
200.78.137.255,28/03/2027,,/vestibular/ENEM,40.21,159,firefox,desktop
8.8.158.190,16/04/2025,,/instituicoes,30.06,247,brave,mobile
200.228.154.67,19/12/2026,beatrizferreira@icloud.com,/cursos,53.24,16,share,mobile
1.1.254.61,10/03/2027,,/,25.75,189,chrome,tablet
1.1.33.1,09/11/2027,,/vestibular/FATEC,10.31,134,safari,mobile
200.10.114.100,21/08/2025,maria.lima@uol.com.br,/quiz,25.49,224,firefox,tablet
177.244.44.151,23/06/2027,joaoferreira@terra.com.br,/,64.32,119,opera,tablet
1.1.122.179,14/12/2027,joaolima@terra.com.br,/quiz,25.25,178,firefox,mobile
177.188.61.243,15/10/2025,,/,58.1,110,firefox,desktop
1.1.163.76,21/07/2025,beatriz.ferreira65@usp.br,/cursos,92.8,221,firefox,mobile
8.8.195.200,01/07/2026,,/,19.36,87,chrome,desktop
8.8.232.248,19/10/2025,,/,29.52,249,chrome,tablet
189.41.222.21,28/12/2026,carlos.oliveira@uol.com.br,/vestibular/FUVEST,55.5,169,chrome,mobile
189.180.178.93,09/08/2027,,/instituicoes,99.69,280,chrome,desktop
189.32.35.34,27/09/2027,lucasrodrigues@usp.br,/instituicoes,17.32,205,firefox,tablet
1.1.109.50,12/10/2025,,/,87.73,203,opera,mobile
189.182.45.198,08/02/2025,c.oliveira@terra.com.br,/cursos,92.81,180,chrome,mobile
189.156.101.142,06/12/2026,larissa.santos@outlook.com,/instituicoes,1.51,233,chrome,desktop
189.67.173.180,16/12/2026,,/vestibular/FATEC,0.25,221,firefox,mobile
177.87.194.187,01/10/2025,,/cursos,10.25,240,x,desktop
189.194.73.90,12/04/2026,m.silva@outlook.com,/instituicoes,27.42,238,safari,desktop
200.121.32.233,10/12/2027,anapereira@bol.com.br,/,25.1,249,firefox,desktop
1.1.52.248,22/02/2025,pedroferreira@bol.com.br,/vestibular/ENEM,55.25,176,chrome,mobile
8.8.239.174,31/01/2025,carlos.santos88@globo.com,/,73.48,162,chrome,tablet
8.8.129.47,17/01/2027,,/vestibular/FUVEST,97.33,148,chrome,tv
177.57.158.29,17/08/2025,,/cursos,56.17,160,safari,desktop
8.8.207.27,01/06/2026,ana.rodrigues57@fatec.sp.gov.br,/cursos,29.18,296,lp,mobile
177.33.62.155,20/07/2026,mariagomes@outlook.com,/,68.49,80,chrome,desktop
177.36.91.248,16/02/2027,,/vestibular/UNICAMP,61.05,188,tiktok,desktop
1.1.108.202,10/03/2025,larissa.oliveira@edu.br,/vestibular/FUVEST,73.39,218,chrome,mobile
200.230.228.193,14/02/2027,beatriz.pereira@edu.br,/vestibular/FUVEST,4.31,1,duckduckgo,mobile
189.231.223.66,16/06/2027,rafaelsantos@gmail.com,/,78.0,178,chrome,mobile
8.8.166.82,24/02/2027,a.lima@terra.com.br,/vestibular/FUVEST,94.08,163,chrome,mobile
8.8.175.183,18/01/2025,r.rodrigues@uol.com.br,/vestibular/FUVEST,23.8,175,safari,mobile
8.8.228.207,24/12/2025,j.souza@uol.com.br,/vestibular/UNICAMP,97.22,255,chrome,desktop
177.247.234.133,18/12/2026,joaooliveira@yahoo.com,/,77.95,193,chrome,desktop
1.1.29.111,12/07/2025,,/vestibular/FUVEST,44.33,257,share,desktop
189.201.146.134,01/12/2026,,/quiz,54.11,258,firefox,tablet
8.8.58.186,06/07/2026,m.lima@icloud.com,/quiz,97.85,87,chrome,mobile
177.145.11.132,23/05/2027,l.lima@outlook.com,/vestibular/FUVEST,80.65,247,chrome,desktop
177.175.18.228,07/01/2027,julia.lima@uol.com.br,/instituicoes,58.49,173,chrome,tablet
200.242.121.212,16/11/2026,rafaelsilva@gmail.com,/vestibular/ENEM,28.45,189,lp,mobile
1.1.8.76,01/04/2025,,/,87.73,159,firefox,desktop
189.90.4.121,21/06/2025,rafael.oliveira@outlook.com,/,55.6,209,safari,desktop
177.62.169.63,11/06/2026,julia.ferreira58@yahoo.com,/,13.11,156,chrome,mobile
1.1.206.27,14/10/2025,,/instituicoes,50.53,185,ig,tablet
1.1.24.179,03/10/2025,anapereira@terra.com.br,/instituicoes,95.39,123,safari,tablet
189.30.111.174,09/12/2027,j.ferreira@uol.com.br,/cursos,20.6,107,firefox,tablet
8.8.68.21,01/03/2025,,/,13.51,307,chrome,tablet
8.8.138.195,31/05/2027,larissa.gomes93@globo.com,/,66.89,135,safari,mobile
200.51.207.18,05/02/2027,larissa.souza71@icloud.com,/vestibular/FUVEST,0.17,120,firefox,mobile
177.149.134.184,11/09/2026,l.gomes@fatec.sp.gov.br,/,24.31,157,lp,mobile
200.135.0.154,16/06/2026,r.rodrigues@gmail.com,/vestibular/ENEM,77.31,108,chrome,mobile
200.56.19.69,06/05/2025,,/,88.03,177,chrome,desktop
1.1.140.9,05/10/2025,c.oliveira@globo.com,/cursos,43.62,150,safari,mobile
200.128.131.47,13/05/2026,pedroferreira@uol.com.br,/,2.19,207,safari,desktop
189.39.203.120,28/03/2026,j.ferreira@hotmail.com,/vestibular/ENEM,33.35,233,chrome,mobile
8.8.119.38,10/12/2025,,/,25.75,216,firefox,tablet
1.1.14.163,20/03/2027,l.oliveira@terra.com.br,/quiz,48.61,121,chrome,tablet
8.8.193.242,14/11/2027,a.gomes@outlook.com,/instituicoes,86.36,133,lp,mobile
8.8.71.123,07/12/2025,j.alves@terra.com.br,/cursos,33.29,158,chrome,mobile
189.57.225.81,09/09/2025,,/,75.8,173,firefox,desktop
8.8.127.81,30/11/2026,,/vestibular/FATEC,83.82,133,safari,tablet
189.1.175.108,02/03/2026,rafael.alves@globo.com,/vestibular/ENEM,57.77,194,chrome,mobile
177.86.183.2,16/05/2027,,/cursos,30.71,110,chrome,desktop
189.227.238.78,04/10/2025,,/,0.31,166,chrome,desktop
189.247.134.136,28/01/2027,m.silva@protonmail.com,/cursos,66.65,273,chrome,mobile
1.1.67.139,04/03/2025,,/cursos,69.67,142,firefox,tablet
177.22.135.111,22/10/2026,,/instituicoes,26.44,184,chrome,desktop
8.8.123.69,18/12/2027,larissa.oliveira@uol.com.br,/vestibular/FUVEST,52.77,147,firefox,desktop
1.1.52.234,16/06/2026,r.santos@uol.com.br,/cursos,68.26,157,chrome,desktop
8.8.117.20,17/06/2027,b.lima@hotmail.com,/vestibular/FUVEST,9.58,84,safari,mobile
177.183.53.32,10/01/2025,,/instituicoes,45.85,207,chrome,desktop
200.226.175.59,17/01/2026,carlos.oliveira12@uol.com.br,/cursos,40.15,189,opera,mobile
1.1.226.227,03/04/2026,j.oliveira@uol.com.br,/instituicoes,42.61,109,safari,desktop
177.198.236.98,17/11/2027,,/cursos,14.96,101,chrome,tv
177.23.225.222,30/05/2027,larissaalves@live.com,/cursos,14.01,94,safari,tablet
1.1.137.224,21/11/2025,mariasantos@icloud.com,/vestibular/FUVEST,34.62,180,safari,mobile
1.1.122.46,04/03/2025,j.gomes@protonmail.com,/,48.27,223,linkedin,mobile
189.58.173.149,03/04/2027,,/,5.01,153,firefox,desktop
1.1.126.129,30/08/2026,m.souza@fatec.sp.gov.br,/,2.73,171,brave,mobile
200.105.11.14,24/08/2025,,/quiz,43.55,116,lp,desktop
8.8.41.189,27/09/2027,l.souza@bol.com.br,/vestibular/FUVEST,79.4,133,safari,tablet
200.1.125.52,10/05/2025,carlos.ferreira89@yahoo.com,/,29.4,162,duckduckgo,tv
189.172.126.151,30/10/2025,,/,2.26,227,chrome,vr
1.1.213.248,14/07/2027,,/cursos,80.93,163,ig,desktop
8.8.165.120,26/01/2026,,/vestibular/ENEM,41.82,241,duckduckgo,desktop
8.8.58.206,16/09/2026,,/quiz,92.11,190,chrome,desktop
177.136.117.185,22/03/2026,,/vestibular/FUVEST,34.86,169,chrome,desktop
200.108.46.105,13/01/2025,joaogomes@hotmail.com,/instituicoes,23.67,174,chrome,mobile
189.74.155.150,02/05/2027,,/cursos,62.92,260,safari,desktop
8.8.121.62,24/08/2026,r.oliveira@globo.com,/,26.65,228,safari,mobile
177.59.201.243,10/11/2027,,/vestibular/UNICAMP,29.05,131,chrome,tablet
1.1.167.177,07/04/2026,julia.silva@icloud.com,/vestibular/FATEC,56.33,193,share,mobile
189.129.16.20,07/08/2025,,/instituicoes,68.59,164,opera,tablet
1.1.51.56,08/09/2027,mariapereira@globo.com,/,64.14,199,chrome,desktop
189.163.75.197,20/04/2025,,/,73.94,257,chrome,mobile
189.150.194.95,29/03/2027,,/vestibular/ENEM,75.2,225,x,tablet
177.159.164.231,02/11/2025,mariaalves@yahoo.com,/vestibular/FUVEST,90.65,191,firefox,mobile
177.156.222.204,21/07/2025,b.oliveira@yahoo.com,/instituicoes,90.11,247,share,mobile
200.213.104.128,18/12/2027,joao.oliveira@gmail.com,/instituicoes,75.92,212,safari,desktop
177.154.194.249,20/10/2027,,/vestibular/ENEM,3.93,203,chrome,tablet
177.199.28.187,03/06/2025,larissapereira@fatec.sp.gov.br,/cursos,22.74,192,share,mobile
189.106.33.58,04/12/2025,beatrizferreira@ig.com.br,/quiz,2.87,141,safari,mobile
177.172.188.29,08/07/2027,,/vestibular/ENEM,77.68,290,chrome,desktop
8.8.157.105,18/02/2025,,/quiz,1.48,132,x,tablet
177.153.58.160,13/07/2026,larissa.silva@edu.br,/,54.1,246,safari,desktop
200.1.8.73,08/04/2027,,/vestibular/FATEC,26.71,136,opera,tablet
8.8.96.131,09/07/2025,beatriz.lima95@terra.com.br,/instituicoes,1.54,116,lp,mobile
177.210.142.138,02/02/2026,larissasilva@live.com,/,36.15,184,chrome,mobile
189.172.196.172,05/08/2025,,/vestibular/UNICAMP,38.27,182,duckduckgo,desktop
200.166.167.44,11/02/2025,,/,1.14,216,lp,mobile
1.1.174.222,17/11/2027,anasantos@edu.br,/cursos,78.9,276,safari,desktop
1.1.32.125,07/08/2026,,/vestibular/FUVEST,38.0,186,opera,mobile
1.1.176.27,17/01/2025,,/vestibular/FATEC,98.62,214,chrome,tablet
177.60.31.181,19/07/2027,pedro.lima26@protonmail.com,/instituicoes,92.88,242,safari,desktop
8.8.108.110,02/01/2026,rafael.lima@gmail.com,/instituicoes,4.44,199,firefox,mobile
200.71.251.114,22/11/2025,,/quiz,48.05,190,linkedin,mobile
8.8.62.57,21/03/2025,beatrizrodrigues@hotmail.com,/quiz,36.76,317,firefox,mobile
8.8.2.183,24/08/2025,,/cursos,16.01,107,lp,desktop
8.8.13.237,14/01/2027,r.alves@outlook.com,/cursos,13.72,219,chrome,mobile
189.38.110.218,10/07/2025,,/,82.05,133,chrome,mobile
200.60.129.207,30/09/2025,joao.ferreira15@yahoo.com,/,7.54,142,firefox,mobile
177.121.234.53,24/10/2026,beatriz.lima27@protonmail.com,/,16.27,210,lp,desktop
177.77.113.46,11/03/2026,c.oliveira@edu.br,/quiz,99.74,147,chrome,desktop
200.224.43.180,13/09/2027,,/instituicoes,64.81,311,lp,mobile
200.246.186.125,09/07/2025,b.souza@ig.com.br,/,31.48,207,chrome,vr
1.1.133.63,20/03/2027,pedrooliveira@edu.br,/,69.19,149,firefox,mobile
1.1.99.110,25/08/2026,,/vestibular/ENEM,66.75,96,tiktok,desktop
189.182.101.219,31/07/2025,,/cursos,74.95,119,chrome,tv
177.242.139.215,16/09/2027,anasouza@terra.com.br,/,47.3,219,chrome,mobile
177.195.88.117,07/04/2026,,/cursos,41.24,170,firefox,tablet
200.255.160.95,06/04/2027,,/quiz,6.72,150,lp,desktop
177.215.11.143,13/01/2025,beatrizlima@fatec.sp.gov.br,/quiz,68.5,339,opera,mobile
1.1.31.74,21/04/2025,,/,55.15,344,firefox,tablet
1.1.80.185,29/08/2026,julia.oliveira38@gmail.com,/instituicoes,36.74,242,firefox,mobile
200.33.222.247,16/06/2026,rafaeloliveira@edu.br,/vestibular/ENEM,34.19,339,chrome,mobile
8.8.114.241,26/06/2026,pedrosouza@protonmail.com,/vestibular/ENEM,1.21,174,share,desktop
189.153.196.33,01/04/2025,,/instituicoes,68.21,76,lp,desktop
200.1.189.111,27/11/2027,,/vestibular/ENEM,36.38,229,duckduckgo,tablet
8.8.57.140,03/05/2025,carlos.souza89@bol.com.br,/,83.66,201,share,mobile
8.8.172.124,24/08/2027,r.silva@gmail.com,/,60.32,137,safari,desktop
189.235.73.244,30/03/2026,a.silva@fatec.sp.gov.br,/cursos,15.56,270,firefox,mobile
189.123.69.19,28/01/2026,a.lima@globo.com,/instituicoes,8.01,154,opera,mobile
200.104.17.172,05/03/2027,larissa.silva3@ig.com.br,/,45.07,207,chrome,mobile
189.253.82.96,17/12/2027,joao.lima@outlook.com,/,54.79,132,lp,mobile
8.8.194.11,27/01/2026,r.lima@yahoo.com,/cursos,71.79,201,chrome,mobile
200.158.36.216,15/12/2027,ana.souza@live.com,/instituicoes,35.55,228,share,desktop
200.255.169.243,02/04/2026,carlos.silva17@icloud.com,/,51.35,185,safari,mobile
177.199.116.165,11/03/2025,joao.alves32@uol.com.br,/,49.95,160,share,tablet
200.159.72.213,21/09/2026,maria.silva71@protonmail.com,/,11.29,160,safari,mobile
8.8.249.227,16/11/2025,,/vestibular/FATEC,64.67,199,firefox,mobile
8.8.31.227,26/01/2026,j.silva@fatec.sp.gov.br,/vestibular/FATEC,77.37,259,safari,mobile
177.63.194.240,20/03/2025,carlosalves@ig.com.br,/cursos,69.81,115,firefox,tablet
177.222.82.242,24/11/2027,,/cursos,14.59,242,chrome,tablet
8.8.85.137,18/06/2025,maria.alves92@ig.com.br,/,67.58,165,safari,mobile
1.1.229.228,05/06/2025,maria.santos21@gmail.com,/vestibular/FUVEST,6.1,63,duckduckgo,mobile
200.160.90.78,07/02/2026,ana.souza47@outlook.com,/cursos,91.31,256,brave,tablet
189.21.195.10,29/04/2025,l.oliveira@uol.com.br,/instituicoes,21.53,164,chrome,tablet
1.1.231.52,17/07/2025,a.ferreira@ig.com.br,/cursos,0.52,302,lp,desktop
1.1.211.177,12/10/2025,,/vestibular/ENEM,99.94,172,firefox,mobile
1.1.0.110,23/01/2027,mariasantos@fatec.sp.gov.br,/instituicoes,17.12,230,chrome,mobile
177.208.247.217,27/09/2026,beatriz.souza88@hotmail.com,/cursos,42.76,251,firefox,tablet
189.167.214.18,08/12/2026,beatriz.gomes5@edu.br,/,18.08,246,safari,desktop
189.228.170.155,30/07/2026,mariagomes@protonmail.com,/,17.94,156,chrome,mobile
200.123.254.76,20/02/2027,beatriz.oliveira@icloud.com,/,66.28,138,tiktok,mobile
8.8.210.235,24/11/2025,,/,14.42,163,tiktok,desktop
177.146.74.200,27/01/2027,larissa.santos66@ig.com.br,/,75.82,313,chrome,mobile
200.89.149.40,13/10/2026,,/,43.64,146,chrome,tablet
177.221.142.173,15/03/2026,p.pereira@edu.br,/,20.73,212,chrome,desktop
177.204.97.57,12/02/2026,,/,2.24,159,chrome,tablet
200.127.68.145,21/02/2027,,/cursos,33.21,234,firefox,desktop
189.240.225.232,10/04/2026,larissa.souza@yahoo.com,/vestibular/ENEM,80.74,162,safari,mobile
200.211.198.92,06/07/2026,larissa.santos5@ig.com.br,/,27.29,199,firefox,mobile
1.1.129.70,16/01/2025,pedrosouza@terra.com.br,/cursos,32.12,129,safari,mobile
8.8.83.95,07/04/2025,beatriz.ferreira@edu.br,/quiz,66.99,162,safari,desktop
8.8.131.105,25/09/2026,c.pereira@ig.com.br,/instituicoes,92.1,215,safari,mobile
200.208.213.170,31/01/2025,m.lima@gmail.com,/,17.65,180,tiktok,mobile
1.1.231.65,28/11/2026,ana.santos4@ig.com.br,/vestibular/FUVEST,66.28,276,duckduckgo,mobile
189.175.155.74,04/07/2026,ana.souza61@globo.com,/cursos,1.04,314,safari,desktop
1.1.56.188,04/01/2027,c.alves@globo.com,/quiz,4.65,227,chrome,desktop
8.8.23.32,26/07/2027,analima@yahoo.com,/,57.9,206,chrome,mobile
189.138.6.138,02/12/2027,,/,78.25,108,brave,mobile
1.1.105.181,29/03/2026,j.pereira@yahoo.com,/,87.08,128,chrome,mobile
8.8.94.229,29/12/2027,,/instituicoes,68.59,143,lp,desktop
8.8.67.174,26/06/2025,,/quiz,51.8,103,firefox,desktop
189.227.163.55,13/02/2026,,/,57.35,170,safari,desktop
8.8.66.198,17/08/2026,carlos.ferreira@protonmail.com,/vestibular/ENEM,80.22,230,chrome,mobile
189.0.36.92,19/09/2027,larissa.gomes@ig.com.br,/vestibular/UNICAMP,25.82,221,share,mobile
177.30.131.8,07/07/2027,lucas.souza41@hotmail.com,/,52.7,174,safari,desktop
200.98.13.82,16/08/2027,,/vestibular/UNICAMP,23.22,168,firefox,desktop
200.118.85.21,04/10/2026,,/vestibular/FATEC,42.16,214,safari,mobile
200.182.57.179,07/02/2027,larissa.silva@icloud.com,/vestibular/ENEM,83.95,122,safari,mobile
1.1.143.241,29/08/2027,l.pereira@yahoo.com,/instituicoes,68.47,163,safari,mobile
200.248.76.216,10/09/2025,l.rodrigues@terra.com.br,/instituicoes,50.25,185,chrome,mobile
177.159.251.7,09/09/2026,a.lima@gmail.com,/quiz,61.78,77,chrome,mobile
177.77.32.241,04/10/2025,,/vestibular/FUVEST,21.86,236,chrome,tablet
189.181.243.12,07/10/2027,larissa.silva51@yahoo.com,/quiz,22.87,191,chrome,mobile
189.48.93.249,08/06/2027,p.alves@ig.com.br,/vestibular/ENEM,27.24,171,firefox,desktop
200.39.128.50,06/05/2027,b.pereira@terra.com.br,/,89.27,170,firefox,mobile
1.1.234.30,16/04/2027,,/vestibular/FUVEST,27.25,198,share,desktop
200.131.207.86,07/05/2025,mariaferreira@protonmail.com,/cursos,70.42,175,chrome,tablet
177.41.2.158,29/06/2026,carlosgomes@protonmail.com,/instituicoes,98.71,184,firefox,desktop
1.1.82.252,28/08/2027,a.rodrigues@hotmail.com,/vestibular/FATEC,16.2,217,opera,mobile
200.95.240.214,22/07/2026,,/instituicoes,72.85,226,tiktok,desktop
189.43.41.89,04/01/2027,b.oliveira@hotmail.com,/cursos,88.55,119,firefox,desktop
1.1.78.94,22/09/2027,l.lima@bol.com.br,/cursos,24.43,189,safari,mobile
200.224.212.210,03/01/2026,joao.silva49@terra.com.br,/cursos,36.39,174,safari,tablet
177.67.54.81,26/11/2025,pedro.lima20@ig.com.br,/cursos,30.74,153,safari,mobile
200.242.202.130,10/06/2025,c.pereira@uol.com.br,/instituicoes,8.26,228,firefox,mobile
1.1.126.160,03/06/2026,rafael.souza22@ig.com.br,/cursos,6.01,208,chrome,mobile
8.8.222.186,12/02/2027,beatrizlima@globo.com,/cursos,60.37,211,safari,mobile
200.207.149.176,13/08/2025,lucassilva@bol.com.br,/vestibular/ENEM,72.53,139,share,mobile
200.142.67.27,13/11/2025,carlos.alves@icloud.com,/,71.68,205,chrome,mobile
1.1.32.245,21/06/2025,l.rodrigues@yahoo.com,/cursos,20.3,223,safari,tablet
8.8.46.45,14/01/2026,larissapereira@protonmail.com,/instituicoes,56.79,218,firefox,mobile
189.158.23.107,31/07/2027,,/instituicoes,18.32,231,share,desktop
1.1.96.102,26/07/2025,,/instituicoes,17.57,147,chrome,mobile
189.12.197.140,02/03/2027,,/vestibular/FUVEST,60.8,204,firefox,desktop
189.76.228.140,18/02/2026,,/vestibular/ENEM,7.83,171,chrome,desktop
177.132.126.206,04/09/2026,,/cursos,83.38,111,lp,tablet
189.154.193.186,22/04/2025,rafael.alves@usp.br,/vestibular/ENEM,62.54,147,chrome,desktop
8.8.209.227,28/09/2025,r.souza@fatec.sp.gov.br,/vestibular/UNICAMP,63.37,137,safari,mobile
189.136.193.10,28/10/2027,larissarodrigues@uol.com.br,/vestibular/FUVEST,77.44,160,duckduckgo,mobile
200.46.133.174,15/02/2027,,/vestibular/UNICAMP,14.38,151,chrome,tablet
8.8.125.46,22/10/2025,,/cursos,24.32,184,firefox,tablet
189.92.226.65,26/05/2025,,/instituicoes,50.52,172,chrome,tablet
200.211.132.75,20/10/2025,lucas.pereira@terra.com.br,/vestibular/FUVEST,4.84,135,safari,tablet
177.132.64.248,06/05/2026,,/quiz,93.4,215,chrome,desktop
8.8.145.140,28/01/2025,larissa.gomes@uol.com.br,/,42.06,188,x,mobile
8.8.45.1,14/07/2025,,/cursos,32.83,143,firefox,desktop
8.8.222.75,24/05/2027,,/instituicoes,67.21,82,opera,mobile
189.21.72.153,26/08/2025,b.oliveira@ig.com.br,/vestibular/ENEM,35.63,183,chrome,mobile
189.168.157.122,26/06/2025,,/,98.67,175,chrome,tablet
177.210.218.126,19/07/2026,,/quiz,23.3,261,lp,mobile
1.1.177.193,18/02/2026,,/vestibular/UNICAMP,72.47,126,firefox,desktop
8.8.126.252,11/12/2026,p.lima@bol.com.br,/cursos,48.58,204,duckduckgo,desktop
189.101.13.207,18/11/2025,,/cursos,40.09,125,chrome,tv
189.73.74.46,15/09/2027,rafaelgomes@bol.com.br,/,66.5,151,opera,mobile
1.1.102.220,04/11/2026,maria.gomes@icloud.com,/,82.08,175,opera,vr
177.96.71.156,27/12/2025,,/cursos,93.6,87,firefox,tablet
8.8.99.1,03/11/2027,,/vestibular/ENEM,71.62,211,firefox,tablet
8.8.149.5,27/02/2025,joao.rodrigues52@uol.com.br,/cursos,90.47,254,x,mobile
189.208.74.193,18/06/2027,m.pereira@gmail.com,/vestibular/FUVEST,60.02,98,chrome,tablet
8.8.138.28,29/01/2025,julia.alves94@hotmail.com,/vestibular/FUVEST,77.43,178,opera,tv
189.53.148.59,15/02/2027,rafael.lima70@outlook.com,/instituicoes,77.51,207,lp,desktop
177.155.231.193,10/06/2027,r.souza@terra.com.br,/instituicoes,75.97,243,chrome,mobile
177.115.223.171,09/03/2026,,/,50.2,93,chrome,vr
1.1.246.123,24/05/2025,,/cursos,82.13,189,share,mobile
1.1.122.25,10/04/2027,,/,24.04,184,opera,desktop
200.14.201.73,25/05/2025,,/cursos,57.4,298,chrome,desktop
8.8.194.65,01/08/2026,,/vestibular/ENEM,10.43,219,brave,tv
1.1.93.61,11/09/2026,,/instituicoes,23.39,225,safari,desktop
189.139.118.150,04/01/2027,b.gomes@terra.com.br,/cursos,71.42,135,chrome,mobile
8.8.166.166,29/01/2027,pedro.souza@icloud.com,/instituicoes,60.02,254,safari,mobile
200.127.226.145,04/10/2025,,/vestibular/FUVEST,60.83,182,x,mobile
200.130.199.163,18/01/2027,l.silva@ig.com.br,/,21.8,211,firefox,mobile
8.8.107.70,27/07/2026,,/vestibular/ENEM,2.58,217,x,desktop
1.1.5.56,14/11/2027,julia.lima31@live.com,/vestibular/ENEM,17.24,96,safari,mobile
189.177.161.21,15/09/2027,l.gomes@outlook.com,/,61.35,147,firefox,mobile
8.8.204.226,03/07/2025,maria.lima@edu.br,/quiz,4.78,187,chrome,mobile
177.156.255.38,24/10/2026,,/,22.66,147,share,mobile
8.8.208.53,04/01/2027,,/vestibular/FUVEST,18.35,77,opera,desktop
189.75.130.199,17/11/2026,j.oliveira@usp.br,/cursos,59.73,174,firefox,tablet
189.196.9.115,20/06/2027,joaopereira@outlook.com,/,89.72,146,brave,tablet
200.50.168.234,20/06/2026,rafaelsouza@gmail.com,/vestibular/FATEC,74.78,174,tiktok,mobile
189.247.48.3,18/04/2025,,/instituicoes,38.96,91,chrome,desktop
8.8.47.37,08/01/2025,joao.lima@protonmail.com,/,46.35,177,share,mobile
189.209.76.94,01/02/2027,,/vestibular/FATEC,52.2,24,firefox,tv
200.116.51.235,03/01/2027,m.ferreira@outlook.com,/quiz,48.39,97,safari,desktop
8.8.133.201,14/11/2025,ana.ferreira@usp.br,/vestibular/FATEC,47.48,155,safari,tv
1.1.201.29,30/10/2026,beatrizferreira@usp.br,/instituicoes,0.22,368,brave,tablet
1.1.77.218,24/09/2027,,/vestibular/ENEM,14.38,294,firefox,mobile
177.134.81.224,01/01/2027,,/,12.64,107,firefox,desktop
1.1.110.252,04/05/2026,,/,46.32,226,lp,desktop
177.18.35.112,25/08/2027,joaoferreira@edu.br,/vestibular/UNICAMP,54.91,180,safari,mobile
8.8.127.61,03/08/2025,l.souza@outlook.com,/vestibular/UNICAMP,48.71,151,chrome,mobile
8.8.184.100,31/10/2026,pedrosouza@fatec.sp.gov.br,/vestibular/UNICAMP,80.45,111,duckduckgo,tablet
177.33.76.158,29/06/2025,beatriz.rodrigues@fatec.sp.gov.br,/quiz,86.06,91,firefox,desktop
189.227.48.200,20/04/2026,,/,99.75,312,opera,vr
189.90.216.84,03/10/2025,,/vestibular/FATEC,85.32,205,safari,desktop
189.81.210.218,25/11/2025,beatrizlima@bol.com.br,/instituicoes,59.5,187,chrome,mobile
177.250.252.194,01/08/2025,,/quiz,51.82,150,safari,tablet
8.8.141.127,21/07/2027,,/cursos,46.15,128,chrome,mobile
8.8.17.14,03/02/2025,,/vestibular/FATEC,12.29,201,safari,tablet
200.75.140.207,23/04/2026,ana.souza@protonmail.com,/cursos,30.67,201,safari,desktop
177.43.109.49,14/09/2027,,/vestibular/FATEC,11.85,201,chrome,desktop
200.168.63.107,20/04/2026,l.gomes@icloud.com,/vestibular/UNICAMP,19.89,145,safari,desktop
8.8.195.239,23/04/2027,lucas.silva@fatec.sp.gov.br,/,22.84,173,chrome,desktop
200.251.50.115,27/08/2026,,/,6.77,158,share,mobile
8.8.75.195,28/03/2025,lucas.oliveira72@uol.com.br,/vestibular/FUVEST,33.08,173,safari,mobile
200.146.80.226,30/11/2025,rafael.oliveira95@yahoo.com,/vestibular/ENEM,13.47,161,safari,tablet
1.1.48.104,23/10/2026,,/cursos,91.99,236,opera,mobile
1.1.91.119,26/04/2025,,/cursos,8.21,144,safari,desktop
177.80.151.68,04/08/2026,beatriz.pereira@outlook.com,/vestibular/FUVEST,14.51,180,chrome,mobile
8.8.163.101,09/09/2027,a.ferreira@gmail.com,/instituicoes,44.7,238,chrome,mobile
177.61.18.238,25/02/2027,beatriz.santos@hotmail.com,/vestibular/ENEM,6.29,148,duckduckgo,mobile
177.254.50.24,11/11/2026,p.lima@bol.com.br,/quiz,16.42,247,firefox,desktop
8.8.41.155,03/02/2026,,/vestibular/FATEC,78.63,145,ig,desktop
200.121.247.94,18/09/2025,,/vestibular/FUVEST,65.63,261,opera,desktop
8.8.135.77,12/10/2027,beatriz.oliveira98@edu.br,/cursos,89.77,146,chrome,mobile
8.8.162.38,17/02/2025,joaogomes@globo.com,/quiz,98.79,145,x,tablet
1.1.144.42,07/04/2026,,/cursos,15.32,221,chrome,tv
200.189.219.20,26/12/2026,rafaelpereira@protonmail.com,/cursos,14.35,208,firefox,tablet
177.214.168.163,21/07/2026,anasantos@outlook.com,/vestibular/ENEM,14.58,205,safari,tablet
1.1.171.167,29/03/2027,pedrolima@uol.com.br,/,88.88,172,opera,mobile
8.8.31.125,10/01/2026,r.pereira@hotmail.com,/,85.86,121,firefox,desktop
200.220.39.207,24/04/2025,,/vestibular/FATEC,11.58,187,lp,mobile
189.4.140.202,19/10/2027,lucas.alves@ig.com.br,/vestibular/FATEC,70.98,190,chrome,mobile
8.8.69.29,04/03/2027,marialima@bol.com.br,/vestibular/UNICAMP,97.43,199,chrome,mobile
8.8.177.183,27/10/2026,maria.rodrigues@outlook.com,/,47.6,204,chrome,mobile
189.43.21.111,22/02/2025,lucasoliveira@protonmail.com,/,80.01,113,firefox,desktop
8.8.2.147,26/09/2027,,/,98.63,162,linkedin,desktop
8.8.242.25,10/06/2027,b.silva@uol.com.br,/quiz,82.34,155,chrome,mobile
200.127.21.140,31/12/2026,pedro.pereira@outlook.com,/quiz,54.97,239,chrome,mobile
200.85.25.151,08/09/2027,,/quiz,46.17,188,ig,tablet
8.8.118.141,15/03/2026,beatriz.alves@outlook.com,/,86.82,164,safari,desktop
8.8.81.215,11/09/2026,larissa.ferreira@bol.com.br,/instituicoes,94.36,146,chrome,mobile
177.77.59.45,29/07/2025,,/vestibular/ENEM,14.02,247,firefox,tablet
177.233.134.168,28/03/2026,,/vestibular/FUVEST,15.48,126,firefox,mobile
8.8.36.183,16/01/2027,lucasalves@live.com,/vestibular/ENEM,38.45,239,chrome,desktop
1.1.136.187,18/01/2027,rafael.lima43@ig.com.br,/cursos,45.47,215,firefox,desktop
189.210.159.111,26/05/2027,anaferreira@live.com,/vestibular/ENEM,8.04,15,x,mobile
200.46.244.40,24/09/2026,,/cursos,35.28,205,lp,mobile
8.8.252.219,15/07/2025,,/,2.38,161,share,tablet
1.1.120.181,24/05/2025,,/vestibular/ENEM,15.11,213,chrome,mobile
189.163.199.4,16/08/2025,,/,57.28,162,safari,desktop
1.1.203.69,12/07/2027,l.lima@protonmail.com,/vestibular/ENEM,72.93,222,chrome,desktop
177.125.125.228,12/12/2027,maria.oliveira@usp.br,/cursos,59.28,259,firefox,desktop
177.40.21.44,18/08/2025,pedrosilva@outlook.com,/vestibular/UNICAMP,86.84,254,chrome,mobile
1.1.183.167,22/01/2025,,/quiz,8.45,167,chrome,desktop
200.86.76.21,03/03/2026,,/,99.97,231,duckduckgo,desktop
177.254.6.177,06/11/2027,rafael.silva26@icloud.com,/vestibular/FUVEST,73.73,214,brave,desktop
1.1.17.192,24/11/2027,,/instituicoes,25.05,170,x,tablet
1.1.154.89,01/09/2025,pedro.rodrigues@live.com,/,82.56,258,opera,desktop
1.1.233.110,03/04/2026,,/instituicoes,89.65,234,firefox,desktop
177.16.241.73,04/06/2025,,/vestibular/FATEC,16.44,130,chrome,desktop
189.122.100.195,24/12/2027,,/vestibular/FUVEST,45.06,152,duckduckgo,desktop
8.8.134.67,11/03/2027,a.lima@uol.com.br,/,1.53,207,tiktok,desktop
189.207.213.217,10/10/2025,ana.souza25@live.com,/quiz,9.57,135,brave,mobile
177.76.123.20,03/08/2027,anaalves@icloud.com,/,29.0,205,lp,mobile
1.1.70.246,23/01/2027,a.gomes@ig.com.br,/quiz,94.84,120,x,mobile
189.173.134.63,10/09/2027,l.santos@edu.br,/cursos,86.16,151,firefox,vr
189.81.206.39,17/12/2025,,/instituicoes,38.79,276,share,mobile
200.129.255.73,12/09/2027,,/cursos,31.12,56,safari,desktop
189.169.223.18,13/10/2025,,/vestibular/UNICAMP,11.85,248,firefox,desktop
177.78.134.104,16/04/2026,anagomes@fatec.sp.gov.br,/vestibular/ENEM,76.91,179,safari,desktop
8.8.32.206,19/09/2027,,/vestibular/ENEM,29.59,65,lp,desktop
1.1.78.1,19/11/2025,j.souza@hotmail.com,/vestibular/ENEM,65.0,203,lp,desktop
1.1.255.254,30/07/2025,larissa.santos@protonmail.com,/instituicoes,33.32,123,tiktok,desktop
8.8.190.19,30/12/2026,,/vestibular/UNICAMP,3.53,270,chrome,desktop
189.247.3.240,31/07/2026,,/instituicoes,84.36,124,safari,mobile
189.31.104.51,24/06/2026,joao.ferreira@protonmail.com,/quiz,48.53,212,firefox,mobile
1.1.231.201,05/06/2026,,/,57.94,183,firefox,tablet
1.1.169.148,05/07/2027,,/vestibular/ENEM,39.77,195,share,desktop
1.1.230.90,16/03/2025,pedro.souza20@terra.com.br,/vestibular/FUVEST,77.19,53,safari,tablet
200.23.213.176,22/12/2027,a.lima@terra.com.br,/quiz,95.26,190,firefox,desktop
8.8.225.49,16/08/2025,,/,94.13,149,ig,desktop
200.158.135.251,22/01/2025,lucasrodrigues@usp.br,/vestibular/ENEM,87.52,279,share,vr
177.75.124.13,25/09/2027,pedro.rodrigues@live.com,/,48.73,132,safari,mobile
177.106.136.9,21/11/2026,m.alves@protonmail.com,/,92.18,153,safari,tablet
1.1.71.11,29/01/2025,l.souza@uol.com.br,/quiz,98.24,148,firefox,desktop
1.1.133.45,05/03/2027,,/cursos,90.55,94,opera,desktop
200.9.215.227,11/04/2025,j.oliveira@usp.br,/quiz,47.74,178,firefox,mobile
189.253.202.213,10/07/2027,joao.santos74@uol.com.br,/,6.43,256,safari,mobile
8.8.35.147,24/02/2027,,/vestibular/ENEM,65.3,206,chrome,desktop
8.8.95.245,13/12/2026,carlos.oliveira27@terra.com.br,/quiz,94.26,169,safari,desktop
177.43.66.1,03/01/2025,l.silva@gmail.com,/vestibular/FUVEST,62.53,75,safari,desktop
8.8.86.11,03/10/2027,carlos.ferreira@gmail.com,/quiz,38.49,206,chrome,tablet
200.175.133.196,12/05/2025,,/cursos,88.54,157,chrome,mobile
8.8.229.154,27/01/2027,larissalima@hotmail.com,/,1.23,126,chrome,mobile
8.8.192.193,13/09/2026,,/,4.09,249,lp,desktop
1.1.229.44,26/07/2026,,/,74.57,197,chrome,mobile
189.109.143.42,01/08/2027,julia.pereira@globo.com,/cursos,89.75,232,safari,mobile
200.25.237.40,11/11/2025,p.rodrigues@edu.br,/cursos,52.19,149,chrome,desktop
189.125.113.86,06/07/2026,pedro.santos@icloud.com,/vestibular/ENEM,0.96,152,safari,desktop
200.9.215.170,31/12/2026,,/cursos,29.05,233,chrome,desktop
